barcode,location,qty_on_hand,min_stock,updated_at
HM0Z83O13JP,Yard,0,0,2026-10-10T21:38:19.409Z
HM0Z83O13JP,Luke's Van,0,0,2026-10-10T21:38:19.409Z
HM0Z83O13JP,Josh's Van,0,0,2026-10-10T21:38:19.409Z
HM2YVDKRB2F,Yard,0,0,2026-10-10T21:38:19.409Z
HM2YVDKRB2F,Luke's Van,0,0,2026-10-10T21:38:19.409Z
HM2YVDKRB2F,Josh's Van,0,0,2026-10-10T21:38:19.409Z
HM2YWVHLHWF,Yard,0,0,2026-10-10T21:38:19.409Z
HM2YWVHLHWF,Luke's Van,0,0,2026-10-10T21:38:19.409Z
HM2YWVHLHWF,Josh's Van,0,0,2026-10-10T21:38:19.409Z
HM2YYPDW4Q4,Yard,0,0,2026-10-10T21:38:19.409Z
HM2YYPDW4Q4,Luke's Van,0,0,2026-10-10T21:38:19.409Z
HM2YYPDW4Q4,Josh's Van,0,0,2026-10-10T21:38:19.409Z
HM2Z0670P8R,Yard,0,0,2026-10-10T21:38:19.409Z
HM2Z0670P8R,Luke's Van,0,0,2026-10-10T21:38:19.409Z
HM2Z0670P8R,Josh's Van,0,0,2026-10-10T21:38:19.409Z
HM2Z3TRGRGD,Yard,0,0,2026-10-10T21:38:19.409Z
HM2Z3TRGRGD,Luke's Van,0,0,2026-10-10T21:38:19.409Z
HM2Z3TRGRGD,Josh's Van,0,0,2026-10-10T21:38:19.409Z
HM3GXBPHCWX,Yard,0,0,2026-10-10T21:38:19.409Z
HM3GXBPHCWX,Luke's Van,34,0,2026-10-10T21:38:19.409Z
HM3GXBPHCWX,Josh's Van,0,0,2026-10-10T21:38:19.409Z
HM3GXJ0DY4S,Yard,0,0,2026-10-10T21:38:19.409Z
HM3GXJ0DY4S,Luke's Van,0,0,2026-10-10T21:38:19.409Z
HM3GXJ0DY4S,Josh's Van,0,0,2026-10-10T21:38:19.409Z
HM3GXLAB90J,Yard,0,0,2026-10-10T21:38:19.409Z
HM3GXLAB90J,Luke's Van,0,0,2026-10-10T21:38:19.409Z
HM3GXLAB90J,Josh's Van,0,0,2026-10-10T21:38:19.409Z
HM3GXS6P69L,Yard,0,0,2026-10-10T21:38:19.409Z
HM3GXS6P69L,Luke's Van,14,0,2026-10-10T21:38:19.409Z
HM3GXS6P69L,Josh's Van,0,0,2026-10-10T21:38:19.409Z
HM3GXUAJA18,Yard,0,0,2026-10-10T21:38:19.409Z
HM3GXUAJA18,Luke's Van,0,0,2026-10-10T21:38:19.409Z
HM3GXUAJA18,Josh's Van,0,0,2026-10-10T21:38:19.409Z
HM3GY2PP66S,Yard,0,0,2026-10-10T21:38:19.409Z
HM3GY2PP66S,Luke's Van,12,0,2026-10-10T21:38:19.409Z
HM3GY2PP66S,Josh's Van,0,0,2026-10-10T21:38:19.409Z
HM3GY4Y20L3,Yard,8,0,2026-10-10T21:38:19.409Z
HM3GY4Y20L3,Luke's Van,0,0,2026-10-10T21:38:19.409Z
HM3GY4Y20L3,Josh's Van,0,0,2026-10-10T21:38:19.409Z
HM3GYDFYR6P,Yard,1,0,2026-10-10T21:38:19.409Z
HM3GYDFYR6P,Luke's Van,0,0,2026-10-10T21:38:19.409Z
HM3GYDFYR6P,Josh's Van,0,0,2026-10-10T21:38:19.409Z
HM3GYH3183A,Yard,0,0,2026-10-10T21:38:19.409Z
HM3GYH3183A,Luke's Van,25,0,2026-10-10T21:38:19.409Z
HM3GYH3183A,Josh's Van,0,0,2026-10-10T21:38:19.409Z
HM3GYNGPNPB,Yard,0,0,2026-10-10T21:38:19.409Z
HM3GYNGPNPB,Luke's Van,1,0,2026-10-10T21:38:19.409Z
HM3GYNGPNPB,Josh's Van,0,0,2026-10-10T21:38:19.409Z
HM3GYP7M3YP,Yard,0,0,2026-10-10T21:38:19.409Z
HM3GYP7M3YP,Luke's Van,0,0,2026-10-10T21:38:19.409Z
HM3GYP7M3YP,Josh's Van,0,0,2026-10-10T21:38:19.409Z
HM3GYR314GP,Yard,0,0,2026-10-10T21:38:19.409Z
HM3GYR314GP,Luke's Van,-1,0,2026-10-10T21:38:19.409Z
HM3GYR314GP,Josh's Van,0,0,2026-10-10T21:38:19.409Z
HM3GYST4YVO,Yard,6,0,2026-10-10T21:38:19.409Z
HM3GYST4YVO,Luke's Van,7,0,2026-10-10T21:38:19.409Z
HM3GYST4YVO,Josh's Van,0,0,2026-10-10T21:38:19.409Z
HM3GYW3K31H,Yard,2,0,2026-10-10T21:38:19.409Z
HM3GYW3K31H,Luke's Van,0,0,2026-10-10T21:38:19.409Z
HM3GYW3K31H,Josh's Van,0,0,2026-10-10T21:38:19.409Z
HM3GYZZFV6S,Yard,0,0,2026-10-10T21:38:19.409Z
HM3GYZZFV6S,Luke's Van,0,0,2026-10-10T21:38:19.409Z
HM3GYZZFV6S,Josh's Van,0,0,2026-10-10T21:38:19.409Z
HM3GZ3PZ23M,Yard,0,0,2026-10-10T21:38:19.409Z
HM3GZ3PZ23M,Luke's Van,0,0,2026-10-10T21:38:19.409Z
HM3GZ3PZ23M,Josh's Van,0,0,2026-10-10T21:38:19.409Z
HM3GZ5UKOY5,Yard,0,0,2026-10-10T21:38:19.409Z
HM3GZ5UKOY5,Luke's Van,3,0,2026-10-10T21:38:19.409Z
HM3GZ5UKOY5,Josh's Van,0,0,2026-10-10T21:38:19.409Z
HM3GZ7Y00SG,Yard,0,0,2026-10-10T21:38:19.409Z
HM3GZ7Y00SG,Luke's Van,0,0,2026-10-10T21:38:19.409Z
HM3GZ7Y00SG,Josh's Van,0,0,2026-10-10T21:38:19.409Z
HM3GZ9VT43S,Yard,0,0,2026-10-10T21:38:19.409Z
HM3GZ9VT43S,Luke's Van,0,0,2026-10-10T21:38:19.409Z
HM3GZ9VT43S,Josh's Van,0,0,2026-10-10T21:38:19.409Z
HM3GZBYIXLY,Yard,0,0,2026-10-10T21:38:19.409Z
HM3GZBYIXLY,Luke's Van,0,0,2026-10-10T21:38:19.409Z
HM3GZBYIXLY,Josh's Van,0,0,2026-10-10T21:38:19.409Z
HM3GZI8K9V9,Yard,0,0,2026-10-10T21:38:19.409Z
HM3GZI8K9V9,Luke's Van,0,0,2026-10-10T21:38:19.409Z
HM3GZI8K9V9,Josh's Van,0,0,2026-10-10T21:38:19.409Z
HM3GZKOAOVB,Yard,0,0,2026-10-10T21:38:19.409Z
HM3GZKOAOVB,Luke's Van,-2,0,2026-10-10T21:38:19.409Z
HM3GZKOAOVB,Josh's Van,0,0,2026-10-10T21:38:19.409Z
HM3GZMP8J9R,Yard,0,0,2026-10-10T21:38:19.409Z
HM3GZMP8J9R,Luke's Van,-1,0,2026-10-10T21:38:19.409Z
HM3GZMP8J9R,Josh's Van,0,0,2026-10-10T21:38:19.409Z
HM3GZQ8BFCH,Yard,0,0,2026-10-10T21:38:19.409Z
HM3GZQ8BFCH,Luke's Van,0,0,2026-10-10T21:38:19.409Z
HM3GZQ8BFCH,Josh's Van,0,0,2026-10-10T21:38:19.409Z
HM3GZU2D50L,Yard,0,0,2026-10-10T21:38:19.409Z
HM3GZU2D50L,Luke's Van,0,0,2026-10-10T21:38:19.409Z
HM3GZU2D50L,Josh's Van,0,0,2026-10-10T21:38:19.409Z
HM3GZXN4USD,Yard,0,0,2026-10-10T21:38:19.409Z
HM3GZXN4USD,Luke's Van,0,0,2026-10-10T21:38:19.409Z
HM3GZXN4USD,Josh's Van,0,0,2026-10-10T21:38:19.409Z
HM3H0359YEG,Yard,0,0,2026-10-10T21:38:19.409Z
HM3H0359YEG,Luke's Van,0,0,2026-10-10T21:38:19.409Z
HM3H0359YEG,Josh's Van,0,0,2026-10-10T21:38:19.409Z
HM3H056HZUL,Yard,1,0,2026-10-10T21:38:19.409Z
HM3H056HZUL,Luke's Van,0,0,2026-10-10T21:38:19.409Z
HM3H056HZUL,Josh's Van,0,0,2026-10-10T21:38:19.409Z
HM3H077EVW4,Yard,0,0,2026-10-10T21:38:19.409Z
HM3H077EVW4,Luke's Van,0,0,2026-10-10T21:38:19.409Z
HM3H077EVW4,Josh's Van,0,0,2026-10-10T21:38:19.409Z
HM3H0975D8B,Yard,49,0,2026-10-10T21:38:19.409Z
HM3H0975D8B,Luke's Van,114,0,2026-10-10T21:38:19.409Z
HM3H0975D8B,Josh's Van,0,0,2026-10-10T21:38:19.409Z
HM3H0COPFYH,Yard,1,0,2026-10-10T21:38:19.409Z
HM3H0COPFYH,Luke's Van,142,0,2026-10-10T21:38:19.409Z
HM3H0COPFYH,Josh's Van,0,0,2026-10-10T21:38:19.409Z
HM3H0GFOE1U,Yard,23,0,2026-10-10T21:38:19.409Z
HM3H0GFOE1U,Luke's Van,130,0,2026-10-10T21:38:19.409Z
HM3H0GFOE1U,Josh's Van,0,0,2026-10-10T21:38:19.409Z
HM3H0L44H2P,Yard,1,0,2026-10-10T21:38:19.409Z
HM3H0L44H2P,Luke's Van,78,0,2026-10-10T21:38:19.409Z
HM3H0L44H2P,Josh's Van,0,0,2026-10-10T21:38:19.409Z
HM3H0N12MQA,Yard,26,0,2026-10-10T21:38:19.409Z
HM3H0N12MQA,Luke's Van,24,0,2026-10-10T21:38:19.409Z
HM3H0N12MQA,Josh's Van,0,0,2026-10-10T21:38:19.409Z
HM3H0RU5IG6,Yard,16,0,2026-10-10T21:38:19.409Z
HM3H0RU5IG6,Luke's Van,0,0,2026-10-10T21:38:19.409Z
HM3H0RU5IG6,Josh's Van,0,0,2026-10-10T21:38:19.409Z
HM3H0TJF0WL,Yard,0,0,2026-10-10T21:38:19.409Z
HM3H0TJF0WL,Luke's Van,0,0,2026-10-10T21:38:19.409Z
HM3H0TJF0WL,Josh's Van,0,0,2026-10-10T21:38:19.409Z
HM3H0VH2519,Yard,26,0,2026-10-10T21:38:19.409Z
HM3H0VH2519,Luke's Van,0,0,2026-10-10T21:38:19.409Z
HM3H0VH2519,Josh's Van,0,0,2026-10-10T21:38:19.409Z
HM3H19YC8NW,Yard,0,0,2026-10-10T21:38:19.409Z
HM3H19YC8NW,Luke's Van,2,0,2026-10-10T21:38:19.409Z
HM3H19YC8NW,Josh's Van,0,0,2026-10-10T21:38:19.409Z
HM3H1E5U06M,Yard,34,0,2026-10-10T21:38:19.409Z
HM3H1E5U06M,Luke's Van,2,0,2026-10-10T21:38:19.409Z
HM3H1E5U06M,Josh's Van,0,0,2026-10-10T21:38:19.409Z
HM3H1G7GP07,Yard,2,0,2026-10-10T21:38:19.409Z
HM3H1G7GP07,Luke's Van,40,0,2026-10-10T21:38:19.409Z
HM3H1G7GP07,Josh's Van,0,0,2026-10-10T21:38:19.409Z
HM3H1JSVKUH,Yard,17,0,2026-10-10T21:38:19.409Z
HM3H1JSVKUH,Luke's Van,0,0,2026-10-10T21:38:19.409Z
HM3H1JSVKUH,Josh's Van,0,0,2026-10-10T21:38:19.409Z
HM3H1M5QH74,Yard,0,0,2026-10-10T21:38:19.409Z
HM3H1M5QH74,Luke's Van,0,0,2026-10-10T21:38:19.409Z
HM3H1M5QH74,Josh's Van,0,0,2026-10-10T21:38:19.409Z
HM3H1UMCZN8,Yard,38,0,2026-10-10T21:38:19.409Z
HM3H1UMCZN8,Luke's Van,2,0,2026-10-10T21:38:19.409Z
HM3H1UMCZN8,Josh's Van,0,0,2026-10-10T21:38:19.409Z
HM3H206NYCO,Yard,5,0,2026-10-10T21:38:19.409Z
HM3H206NYCO,Luke's Van,0,0,2026-10-10T21:38:19.409Z
HM3H206NYCO,Josh's Van,0,0,2026-10-10T21:38:19.409Z
HM3H22GXWM9,Yard,0,0,2026-10-10T21:38:19.409Z
HM3H22GXWM9,Luke's Van,0,0,2026-10-10T21:38:19.409Z
HM3H22GXWM9,Josh's Van,0,0,2026-10-10T21:38:19.409Z
HM3H2AII20D,Yard,0,0,2026-10-10T21:38:19.409Z
HM3H2AII20D,Luke's Van,0,0,2026-10-10T21:38:19.409Z
HM3H2AII20D,Josh's Van,0,0,2026-10-10T21:38:19.409Z
HM3H2CD6REI,Yard,0,0,2026-10-10T21:38:19.409Z
HM3H2CD6REI,Luke's Van,0,0,2026-10-10T21:38:19.409Z
HM3H2CD6REI,Josh's Van,0,0,2026-10-10T21:38:19.409Z
HM3H2GYNMHL,Yard,0,0,2026-10-10T21:38:19.409Z
HM3H2GYNMHL,Luke's Van,0,0,2026-10-10T21:38:19.409Z
HM3H2GYNMHL,Josh's Van,0,0,2026-10-10T21:38:19.409Z
HM3H2IXIVJM,Yard,38,0,2026-10-10T21:38:19.409Z
HM3H2IXIVJM,Luke's Van,70,0,2026-10-10T21:38:19.409Z
HM3H2IXIVJM,Josh's Van,0,0,2026-10-10T21:38:19.409Z
HM3H2KS8P2K,Yard,2,0,2026-10-10T21:38:19.409Z
HM3H2KS8P2K,Luke's Van,0,0,2026-10-10T21:38:19.409Z
HM3H2KS8P2K,Josh's Van,0,0,2026-10-10T21:38:19.409Z
HM3H2MK6WOK,Yard,0,0,2026-10-10T21:38:19.409Z
HM3H2MK6WOK,Luke's Van,0,0,2026-10-10T21:38:19.409Z
HM3H2MK6WOK,Josh's Van,0,0,2026-10-10T21:38:19.409Z
HM3H2OPH94G,Yard,0,0,2026-10-10T21:38:19.409Z
HM3H2OPH94G,Luke's Van,0,0,2026-10-10T21:38:19.409Z
HM3H2OPH94G,Josh's Van,0,0,2026-10-10T21:38:19.409Z
HM3H2SEQPEU,Yard,8,0,2026-10-10T21:38:19.409Z
HM3H2SEQPEU,Luke's Van,25,0,2026-10-10T21:38:19.409Z
HM3H2SEQPEU,Josh's Van,0,0,2026-10-10T21:38:19.409Z
HM3H2UKEW7N,Yard,6,0,2026-10-10T21:38:19.409Z
HM3H2UKEW7N,Luke's Van,7,0,2026-10-10T21:38:19.409Z
HM3H2UKEW7N,Josh's Van,0,0,2026-10-10T21:38:19.409Z
HM3H2YTP3SS,Yard,12,0,2026-10-10T21:38:19.409Z
HM3H2YTP3SS,Luke's Van,0,0,2026-10-10T21:38:19.409Z
HM3H2YTP3SS,Josh's Van,0,0,2026-10-10T21:38:19.409Z
HM3H31LOH1K,Yard,5,0,2026-10-10T21:38:19.409Z
HM3H31LOH1K,Luke's Van,3,0,2026-10-10T21:38:19.409Z
HM3H31LOH1K,Josh's Van,0,0,2026-10-10T21:38:19.409Z
HM3H33NZKZK,Yard,0,0,2026-10-10T21:38:19.409Z
HM3H33NZKZK,Luke's Van,0,0,2026-10-10T21:38:19.409Z
HM3H33NZKZK,Josh's Van,0,0,2026-10-10T21:38:19.409Z
HM3H35WI2YI,Yard,0,0,2026-10-10T21:38:19.409Z
HM3H35WI2YI,Luke's Van,8,0,2026-10-10T21:38:19.409Z
HM3H35WI2YI,Josh's Van,0,0,2026-10-10T21:38:19.409Z
HM3H39SX2XB,Yard,0,0,2026-10-10T21:38:19.409Z
HM3H39SX2XB,Luke's Van,0,0,2026-10-10T21:38:19.409Z
HM3H39SX2XB,Josh's Van,0,0,2026-10-10T21:38:19.409Z
HM3H3BVOW7U,Yard,0,0,2026-10-10T21:38:19.409Z
HM3H3BVOW7U,Luke's Van,0,0,2026-10-10T21:38:19.409Z
HM3H3BVOW7U,Josh's Van,0,0,2026-10-10T21:38:19.409Z
HM3H3DY7SOO,Yard,4,0,2026-10-10T21:38:19.409Z
HM3H3DY7SOO,Luke's Van,5,0,2026-10-10T21:38:19.409Z
HM3H3DY7SOO,Josh's Van,0,0,2026-10-10T21:38:19.409Z
HM3H3GAKPKR,Yard,0,0,2026-10-10T21:38:19.409Z
HM3H3GAKPKR,Luke's Van,4,0,2026-10-10T21:38:19.409Z
HM3H3GAKPKR,Josh's Van,0,0,2026-10-10T21:38:19.409Z
HM3H3LKZW2N,Yard,0,0,2026-10-10T21:38:19.409Z
HM3H3LKZW2N,Luke's Van,0,0,2026-10-10T21:38:19.409Z
HM3H3LKZW2N,Josh's Van,0,0,2026-10-10T21:38:19.409Z
HM3H3WYW77P,Yard,0,0,2026-10-10T21:38:19.409Z
HM3H3WYW77P,Luke's Van,0,0,2026-10-10T21:38:19.409Z
HM3H3WYW77P,Josh's Van,0,0,2026-10-10T21:38:19.409Z
HM3H3ZESL52,Yard,0,0,2026-10-10T21:38:19.409Z
HM3H3ZESL52,Luke's Van,0,0,2026-10-10T21:38:19.409Z
HM3H3ZESL52,Josh's Van,0,0,2026-10-10T21:38:19.409Z
HM3H448K8YZ,Yard,0,0,2026-10-10T21:38:19.409Z
HM3H448K8YZ,Luke's Van,0,0,2026-10-10T21:38:19.409Z
HM3H448K8YZ,Josh's Van,0,0,2026-10-10T21:38:19.409Z
HM3H46GOA0W,Yard,3,0,2026-10-10T21:38:19.409Z
HM3H46GOA0W,Luke's Van,4,0,2026-10-10T21:38:19.409Z
HM3H46GOA0W,Josh's Van,0,0,2026-10-10T21:38:19.409Z
HM3H4A5IVJJ,Yard,1,0,2026-10-10T21:38:19.409Z
HM3H4A5IVJJ,Luke's Van,0,0,2026-10-10T21:38:19.409Z
HM3H4A5IVJJ,Josh's Van,0,0,2026-10-10T21:38:19.409Z
HM3H4CA8P0P,Yard,0,0,2026-10-10T21:38:19.409Z
HM3H4CA8P0P,Luke's Van,0,0,2026-10-10T21:38:19.409Z
HM3H4CA8P0P,Josh's Van,0,0,2026-10-10T21:38:19.409Z
HM3H4G8MO3K,Yard,0,0,2026-10-10T21:38:19.409Z
HM3H4G8MO3K,Luke's Van,0,0,2026-10-10T21:38:19.409Z
HM3H4G8MO3K,Josh's Van,0,0,2026-10-10T21:38:19.409Z
HM3H4IMHDZA,Yard,0,0,2026-10-10T21:38:19.409Z
HM3H4IMHDZA,Luke's Van,0,0,2026-10-10T21:38:19.409Z
HM3H4IMHDZA,Josh's Van,0,0,2026-10-10T21:38:19.409Z
HM3H4KHOYBA,Yard,0,0,2026-10-10T21:38:19.409Z
HM3H4KHOYBA,Luke's Van,120,0,2026-10-10T21:38:19.409Z
HM3H4KHOYBA,Josh's Van,0,0,2026-10-10T21:38:19.409Z
HM3H4MA8CH8,Yard,0,0,2026-10-10T21:38:19.409Z
HM3H4MA8CH8,Luke's Van,0,0,2026-10-10T21:38:19.409Z
HM3H4MA8CH8,Josh's Van,0,0,2026-10-10T21:38:19.409Z
HM3H4O5UW43,Yard,0,0,2026-10-10T21:38:19.409Z
HM3H4O5UW43,Luke's Van,6,0,2026-10-10T21:38:19.409Z
HM3H4O5UW43,Josh's Van,0,0,2026-10-10T21:38:19.409Z
HM3H4QUM1DE,Yard,4,0,2026-10-10T21:38:19.409Z
HM3H4QUM1DE,Luke's Van,0,0,2026-10-10T21:38:19.409Z
HM3H4QUM1DE,Josh's Van,0,0,2026-10-10T21:38:19.409Z
HM3H4SVAK8B,Yard,0,0,2026-10-10T21:38:19.409Z
HM3H4SVAK8B,Luke's Van,0,0,2026-10-10T21:38:19.409Z
HM3H4SVAK8B,Josh's Van,0,0,2026-10-10T21:38:19.409Z
HM3H4V6Y2PT,Yard,0,0,2026-10-10T21:38:19.409Z
HM3H4V6Y2PT,Luke's Van,-1,0,2026-10-10T21:38:19.409Z
HM3H4V6Y2PT,Josh's Van,0,0,2026-10-10T21:38:19.409Z
HM3H4XSUN4O,Yard,0,0,2026-10-10T21:38:19.409Z
HM3H4XSUN4O,Luke's Van,0,0,2026-10-10T21:38:19.409Z
HM3H4XSUN4O,Josh's Van,0,0,2026-10-10T21:38:19.409Z
HM3H50O48QM,Yard,2,0,2026-10-10T21:38:19.409Z
HM3H50O48QM,Luke's Van,0,0,2026-10-10T21:38:19.409Z
HM3H50O48QM,Josh's Van,0,0,2026-10-10T21:38:19.409Z
HM3H52FZ4I8,Yard,0,0,2026-10-10T21:38:19.409Z
HM3H52FZ4I8,Luke's Van,0,0,2026-10-10T21:38:19.409Z
HM3H52FZ4I8,Josh's Van,0,0,2026-10-10T21:38:19.409Z
HM3H55JGD5P,Yard,0,0,2026-10-10T21:38:19.409Z
HM3H55JGD5P,Luke's Van,0,0,2026-10-10T21:38:19.409Z
HM3H55JGD5P,Josh's Van,0,0,2026-10-10T21:38:19.409Z
HM3H58QYZOM,Yard,0,0,2026-10-10T21:38:19.409Z
HM3H58QYZOM,Luke's Van,0,0,2026-10-10T21:38:19.409Z
HM3H58QYZOM,Josh's Van,0,0,2026-10-10T21:38:19.409Z
HM3H5AO4I1M,Yard,0,0,2026-10-10T21:38:19.409Z
HM3H5AO4I1M,Luke's Van,0,0,2026-10-10T21:38:19.409Z
HM3H5AO4I1M,Josh's Van,0,0,2026-10-10T21:38:19.409Z
HM3H5GUQZY9,Yard,0,0,2026-10-10T21:38:19.409Z
HM3H5GUQZY9,Luke's Van,0,0,2026-10-10T21:38:19.409Z
HM3H5GUQZY9,Josh's Van,0,0,2026-10-10T21:38:19.409Z
HM3H5IOC2RN,Yard,0,0,2026-10-10T21:38:19.409Z
HM3H5IOC2RN,Luke's Van,0,0,2026-10-10T21:38:19.409Z
HM3H5IOC2RN,Josh's Van,0,0,2026-10-10T21:38:19.409Z
HM3H5KRSB76,Yard,9,0,2026-10-10T21:38:19.409Z
HM3H5KRSB76,Luke's Van,0,0,2026-10-10T21:38:19.409Z
HM3H5KRSB76,Josh's Van,0,0,2026-10-10T21:38:19.409Z
HM3H5MYW9YC,Yard,0,0,2026-10-10T21:38:19.409Z
HM3H5MYW9YC,Luke's Van,0,0,2026-10-10T21:38:19.409Z
HM3H5MYW9YC,Josh's Van,0,0,2026-10-10T21:38:19.409Z
HM3H5P515PB,Yard,0,0,2026-10-10T21:38:19.409Z
HM3H5P515PB,Luke's Van,0,0,2026-10-10T21:38:19.409Z
HM3H5P515PB,Josh's Van,0,0,2026-10-10T21:38:19.409Z
HM3H5RHSWVF,Yard,0,0,2026-10-10T21:38:19.409Z
HM3H5RHSWVF,Luke's Van,0,0,2026-10-10T21:38:19.409Z
HM3H5RHSWVF,Josh's Van,0,0,2026-10-10T21:38:19.409Z
HM3H5U1PQ3B,Yard,0,0,2026-10-10T21:38:19.409Z
HM3H5U1PQ3B,Luke's Van,0,0,2026-10-10T21:38:19.409Z
HM3H5U1PQ3B,Josh's Van,0,0,2026-10-10T21:38:19.409Z
HM3H5WJ24OH,Yard,0,0,2026-10-10T21:38:19.409Z
HM3H5WJ24OH,Luke's Van,2,0,2026-10-10T21:38:19.409Z
HM3H5WJ24OH,Josh's Van,0,0,2026-10-10T21:38:19.409Z
HM3H5YQKG2G,Yard,0,0,2026-10-10T21:38:19.409Z
HM3H5YQKG2G,Luke's Van,0,0,2026-10-10T21:38:19.409Z
HM3H5YQKG2G,Josh's Van,0,0,2026-10-10T21:38:19.409Z
HM3H62LY6AC,Yard,0,0,2026-10-10T21:38:19.409Z
HM3H62LY6AC,Luke's Van,0,0,2026-10-10T21:38:19.409Z
HM3H62LY6AC,Josh's Van,0,0,2026-10-10T21:38:19.409Z
HM3H652MF23,Yard,0,0,2026-10-10T21:38:19.409Z
HM3H652MF23,Luke's Van,0,0,2026-10-10T21:38:19.409Z
HM3H652MF23,Josh's Van,0,0,2026-10-10T21:38:19.409Z
HM3H67VW8EO,Yard,0,0,2026-10-10T21:38:19.409Z
HM3H67VW8EO,Luke's Van,0,0,2026-10-10T21:38:19.409Z
HM3H67VW8EO,Josh's Van,0,0,2026-10-10T21:38:19.409Z
HM3H6ANKZLS,Yard,0,0,2026-10-10T21:38:19.409Z
HM3H6ANKZLS,Luke's Van,0,0,2026-10-10T21:38:19.409Z
HM3H6ANKZLS,Josh's Van,0,0,2026-10-10T21:38:19.409Z
HM3H6DC0IIK,Yard,0,0,2026-10-10T21:38:19.409Z
HM3H6DC0IIK,Luke's Van,0,0,2026-10-10T21:38:19.409Z
HM3H6DC0IIK,Josh's Van,0,0,2026-10-10T21:38:19.409Z
HM3H6FM65KQ,Yard,0,0,2026-10-10T21:38:19.409Z
HM3H6FM65KQ,Luke's Van,-3,0,2026-10-10T21:38:19.409Z
HM3H6FM65KQ,Josh's Van,0,0,2026-10-10T21:38:19.409Z
HM3H6I7MCM9,Yard,0,0,2026-10-10T21:38:19.409Z
HM3H6I7MCM9,Luke's Van,0,0,2026-10-10T21:38:19.409Z
HM3H6I7MCM9,Josh's Van,0,0,2026-10-10T21:38:19.409Z
HM3H6KNZ35V,Yard,0,0,2026-10-10T21:38:19.409Z
HM3H6KNZ35V,Luke's Van,0,0,2026-10-10T21:38:19.409Z
HM3H6KNZ35V,Josh's Van,0,0,2026-10-10T21:38:19.409Z
HM3H6NIQZWS,Yard,0,0,2026-10-10T21:38:19.409Z
HM3H6NIQZWS,Luke's Van,-6,0,2026-10-10T21:38:19.409Z
HM3H6NIQZWS,Josh's Van,0,0,2026-10-10T21:38:19.409Z
HM3H6PH4FKH,Yard,65,0,2026-10-10T21:38:19.409Z
HM3H6PH4FKH,Luke's Van,17,0,2026-10-10T21:38:19.409Z
HM3H6PH4FKH,Josh's Van,0,0,2026-10-10T21:38:19.409Z
HM3H6SEQJYY,Yard,0,0,2026-10-10T21:38:19.409Z
HM3H6SEQJYY,Luke's Van,9,0,2026-10-10T21:38:19.409Z
HM3H6SEQJYY,Josh's Van,0,0,2026-10-10T21:38:19.409Z
HM3H6VP4DVL,Yard,1,0,2026-10-10T21:38:19.409Z
HM3H6VP4DVL,Luke's Van,0,0,2026-10-10T21:38:19.409Z
HM3H6VP4DVL,Josh's Van,0,0,2026-10-10T21:38:19.409Z
HM3H73E08CU,Yard,0,0,2026-10-10T21:38:19.409Z
HM3H73E08CU,Luke's Van,-32,0,2026-10-10T21:38:19.409Z
HM3H73E08CU,Josh's Van,0,0,2026-10-10T21:38:19.409Z
HM3H75I2ERK,Yard,19,0,2026-10-10T21:38:19.409Z
HM3H75I2ERK,Luke's Van,-7,0,2026-10-10T21:38:19.409Z
HM3H75I2ERK,Josh's Van,0,0,2026-10-10T21:38:19.409Z
HM3H787OJNU,Yard,11,0,2026-10-10T21:38:19.409Z
HM3H787OJNU,Luke's Van,0,0,2026-10-10T21:38:19.409Z
HM3H787OJNU,Josh's Van,0,0,2026-10-10T21:38:19.409Z
HM3H7AZCC6R,Yard,2,0,2026-10-10T21:38:19.409Z
HM3H7AZCC6R,Luke's Van,12,0,2026-10-10T21:38:19.409Z
HM3H7AZCC6R,Josh's Van,0,0,2026-10-10T21:38:19.409Z
HM3H7F3IN1D,Yard,31,0,2026-10-10T21:38:19.409Z
HM3H7F3IN1D,Luke's Van,6,0,2026-10-10T21:38:19.409Z
HM3H7F3IN1D,Josh's Van,0,0,2026-10-10T21:38:19.409Z
HM3H7HIOKX7,Yard,2,0,2026-10-10T21:38:19.409Z
HM3H7HIOKX7,Luke's Van,0,0,2026-10-10T21:38:19.409Z
HM3H7HIOKX7,Josh's Van,0,0,2026-10-10T21:38:19.409Z
HM3H7JTGOMH,Yard,23,0,2026-10-10T21:38:19.409Z
HM3H7JTGOMH,Luke's Van,2,0,2026-10-10T21:38:19.409Z
HM3H7JTGOMH,Josh's Van,0,0,2026-10-10T21:38:19.409Z
HM3H7Q4AMDE,Yard,16,0,2026-10-10T21:38:19.409Z
HM3H7Q4AMDE,Luke's Van,0,0,2026-10-10T21:38:19.409Z
HM3H7Q4AMDE,Josh's Van,0,0,2026-10-10T21:38:19.409Z
HM3H7SYE2RD,Yard,19,0,2026-10-10T21:38:19.409Z
HM3H7SYE2RD,Luke's Van,2,0,2026-10-10T21:38:19.409Z
HM3H7SYE2RD,Josh's Van,0,0,2026-10-10T21:38:19.409Z
HM3H7XH2WDJ,Yard,29,0,2026-10-10T21:38:19.409Z
HM3H7XH2WDJ,Luke's Van,2,0,2026-10-10T21:38:19.409Z
HM3H7XH2WDJ,Josh's Van,0,0,2026-10-10T21:38:19.409Z
HM3H7ZJ64JZ,Yard,15,0,2026-10-10T21:38:19.409Z
HM3H7ZJ64JZ,Luke's Van,0,0,2026-10-10T21:38:19.409Z
HM3H7ZJ64JZ,Josh's Van,0,0,2026-10-10T21:38:19.409Z
HM3H81S3H3K,Yard,0,0,2026-10-10T21:38:19.409Z
HM3H81S3H3K,Luke's Van,0,0,2026-10-10T21:38:19.409Z
HM3H81S3H3K,Josh's Van,0,0,2026-10-10T21:38:19.409Z
HM3H86M86RH,Yard,0,0,2026-10-10T21:38:19.409Z
HM3H86M86RH,Luke's Van,0,0,2026-10-10T21:38:19.409Z
HM3H86M86RH,Josh's Van,0,0,2026-10-10T21:38:19.409Z
HM3H89GQ3F7,Yard,14,0,2026-10-10T21:38:19.409Z
HM3H89GQ3F7,Luke's Van,2,0,2026-10-10T21:38:19.409Z
HM3H89GQ3F7,Josh's Van,0,0,2026-10-10T21:38:19.409Z
HM3H8E6ESXI,Yard,23,0,2026-10-10T21:38:19.409Z
HM3H8E6ESXI,Luke's Van,4,0,2026-10-10T21:38:19.409Z
HM3H8E6ESXI,Josh's Van,0,0,2026-10-10T21:38:19.409Z
HM3H8HYYYLB,Yard,6,0,2026-10-10T21:38:19.409Z
HM3H8HYYYLB,Luke's Van,0,0,2026-10-10T21:38:19.409Z
HM3H8HYYYLB,Josh's Van,0,0,2026-10-10T21:38:19.409Z
HM3H8JX9QEE,Yard,12,0,2026-10-10T21:38:19.409Z
HM3H8JX9QEE,Luke's Van,0,0,2026-10-10T21:38:19.409Z
HM3H8JX9QEE,Josh's Van,0,0,2026-10-10T21:38:19.409Z
HM3H8M1IRWE,Yard,0,0,2026-10-10T21:38:19.409Z
HM3H8M1IRWE,Luke's Van,0,0,2026-10-10T21:38:19.409Z
HM3H8M1IRWE,Josh's Van,0,0,2026-10-10T21:38:19.409Z
HM3H8YWUP92,Yard,16,0,2026-10-10T21:38:19.409Z
HM3H8YWUP92,Luke's Van,4,0,2026-10-10T21:38:19.409Z
HM3H8YWUP92,Josh's Van,0,0,2026-10-10T21:38:19.409Z
HM3H94TS1CP,Yard,8,0,2026-10-10T21:38:19.409Z
HM3H94TS1CP,Luke's Van,0,0,2026-10-10T21:38:19.409Z
HM3H94TS1CP,Josh's Van,0,0,2026-10-10T21:38:19.409Z
HM3H96VUBFS,Yard,2,0,2026-10-10T21:38:19.409Z
HM3H96VUBFS,Luke's Van,0,0,2026-10-10T21:38:19.409Z
HM3H96VUBFS,Josh's Van,0,0,2026-10-10T21:38:19.409Z
HM3H98QE7JL,Yard,1,0,2026-10-10T21:38:19.409Z
HM3H98QE7JL,Luke's Van,0,0,2026-10-10T21:38:19.409Z
HM3H98QE7JL,Josh's Van,0,0,2026-10-10T21:38:19.409Z
HM3H9CHKA1W,Yard,1,0,2026-10-10T21:38:19.409Z
HM3H9CHKA1W,Luke's Van,0,0,2026-10-10T21:38:19.409Z
HM3H9CHKA1W,Josh's Van,0,0,2026-10-10T21:38:19.409Z
HM3H9E7QAUH,Yard,0,0,2026-10-10T21:38:19.409Z
HM3H9E7QAUH,Luke's Van,0,0,2026-10-10T21:38:19.409Z
HM3H9E7QAUH,Josh's Van,0,0,2026-10-10T21:38:19.409Z
HM3H9G9L6AK,Yard,3,0,2026-10-10T21:38:19.409Z
HM3H9G9L6AK,Luke's Van,0,0,2026-10-10T21:38:19.409Z
HM3H9G9L6AK,Josh's Van,0,0,2026-10-10T21:38:19.409Z
HM3H9N0Q1D9,Yard,0,0,2026-10-10T21:38:19.409Z
HM3H9N0Q1D9,Luke's Van,0,0,2026-10-10T21:38:19.409Z
HM3H9N0Q1D9,Josh's Van,0,0,2026-10-10T21:38:19.409Z
HM3HV7S9MFQ,Yard,0,0,2026-10-10T21:38:19.409Z
HM3HV7S9MFQ,Luke's Van,0,0,2026-10-10T21:38:19.409Z
HM3HV7S9MFQ,Josh's Van,0,0,2026-10-10T21:38:19.409Z
HM3HVA65KEL,Yard,0,0,2026-10-10T21:38:19.409Z
HM3HVA65KEL,Luke's Van,0,0,2026-10-10T21:38:19.409Z
HM3HVA65KEL,Josh's Van,0,0,2026-10-10T21:38:19.409Z
HM3HVBTPE4O,Yard,0,0,2026-10-10T21:38:19.409Z
HM3HVBTPE4O,Luke's Van,0,0,2026-10-10T21:38:19.409Z
HM3HVBTPE4O,Josh's Van,0,0,2026-10-10T21:38:19.409Z
HM3HVDUXAXL,Yard,0,0,2026-10-10T21:38:19.409Z
HM3HVDUXAXL,Luke's Van,0,0,2026-10-10T21:38:19.409Z
HM3HVDUXAXL,Josh's Van,0,0,2026-10-10T21:38:19.409Z
HM3HVHHLOJG,Yard,0,0,2026-10-10T21:38:19.409Z
HM3HVHHLOJG,Luke's Van,0,0,2026-10-10T21:38:19.409Z
HM3HVHHLOJG,Josh's Van,0,0,2026-10-10T21:38:19.409Z
HM3HVL8BMJF,Yard,0,0,2026-10-10T21:38:19.409Z
HM3HVL8BMJF,Luke's Van,0,0,2026-10-10T21:38:19.409Z
HM3HVL8BMJF,Josh's Van,0,0,2026-10-10T21:38:19.409Z
HM3HVN6VHBD,Yard,0,0,2026-10-10T21:38:19.409Z
HM3HVN6VHBD,Luke's Van,7,0,2026-10-10T21:38:19.409Z
HM3HVN6VHBD,Josh's Van,0,0,2026-10-10T21:38:19.409Z
HM3HVQSD3PJ,Yard,0,0,2026-10-10T21:38:19.409Z
HM3HVQSD3PJ,Luke's Van,0,0,2026-10-10T21:38:19.409Z
HM3HVQSD3PJ,Josh's Van,0,0,2026-10-10T21:38:19.409Z
HM3HVSKBKET,Yard,0,0,2026-10-10T21:38:19.409Z
HM3HVSKBKET,Luke's Van,0,0,2026-10-10T21:38:19.409Z
HM3HVSKBKET,Josh's Van,0,0,2026-10-10T21:38:19.409Z
HM3HVVFDZI6,Yard,0,0,2026-10-10T21:38:19.409Z
HM3HVVFDZI6,Luke's Van,0,0,2026-10-10T21:38:19.409Z
HM3HVVFDZI6,Josh's Van,0,0,2026-10-10T21:38:19.409Z
HM3HVYXHFRI,Yard,14,0,2026-10-10T21:38:19.409Z
HM3HVYXHFRI,Luke's Van,3,0,2026-10-10T21:38:19.409Z
HM3HVYXHFRI,Josh's Van,0,0,2026-10-10T21:38:19.409Z
HM3HW1017EL,Yard,3,0,2026-10-10T21:38:19.409Z
HM3HW1017EL,Luke's Van,2,0,2026-10-10T21:38:19.409Z
HM3HW1017EL,Josh's Van,0,0,2026-10-10T21:38:19.409Z
HM3HW2OIGCN,Yard,0,0,2026-10-10T21:38:19.409Z
HM3HW2OIGCN,Luke's Van,0,0,2026-10-10T21:38:19.409Z
HM3HW2OIGCN,Josh's Van,0,0,2026-10-10T21:38:19.409Z
HM3HW6I0VUF,Yard,1,0,2026-10-10T21:38:19.409Z
HM3HW6I0VUF,Luke's Van,0,0,2026-10-10T21:38:19.409Z
HM3HW6I0VUF,Josh's Van,0,0,2026-10-10T21:38:19.409Z
HM3HW8JWVYR,Yard,0,0,2026-10-10T21:38:19.409Z
HM3HW8JWVYR,Luke's Van,0,0,2026-10-10T21:38:19.409Z
HM3HW8JWVYR,Josh's Van,0,0,2026-10-10T21:38:19.409Z
HM3I0OA9LHC,Yard,0,0,2026-10-10T21:38:19.409Z
HM3I0OA9LHC,Luke's Van,0,0,2026-10-10T21:38:19.409Z
HM3I0OA9LHC,Josh's Van,0,0,2026-10-10T21:38:19.409Z
HM3I0TNBT1Q,Yard,21,0,2026-10-10T21:38:19.409Z
HM3I0TNBT1Q,Luke's Van,0,0,2026-10-10T21:38:19.409Z
HM3I0TNBT1Q,Josh's Van,0,0,2026-10-10T21:38:19.409Z
HM3I0WVX6UR,Yard,0,0,2026-10-10T21:38:19.409Z
HM3I0WVX6UR,Luke's Van,0,0,2026-10-10T21:38:19.409Z
HM3I0WVX6UR,Josh's Van,0,0,2026-10-10T21:38:19.409Z
HM3I0Z3KGRE,Yard,0,0,2026-10-10T21:38:19.409Z
HM3I0Z3KGRE,Luke's Van,0,0,2026-10-10T21:38:19.409Z
HM3I0Z3KGRE,Josh's Van,0,0,2026-10-10T21:38:19.409Z
HM3I11EJ6U8,Yard,0,0,2026-10-10T21:38:19.409Z
HM3I11EJ6U8,Luke's Van,0,0,2026-10-10T21:38:19.409Z
HM3I11EJ6U8,Josh's Van,0,0,2026-10-10T21:38:19.409Z
HM3I13S75QI,Yard,2,0,2026-10-10T21:38:19.409Z
HM3I13S75QI,Luke's Van,12,0,2026-10-10T21:38:19.409Z
HM3I13S75QI,Josh's Van,0,0,2026-10-10T21:38:19.409Z
HM3I165LZC7,Yard,8,0,2026-10-10T21:38:19.409Z
HM3I165LZC7,Luke's Van,0,0,2026-10-10T21:38:19.409Z
HM3I165LZC7,Josh's Van,0,0,2026-10-10T21:38:19.409Z
HM3I1819EU3,Yard,44,0,2026-10-10T21:38:19.409Z
HM3I1819EU3,Luke's Van,5,0,2026-10-10T21:38:19.409Z
HM3I1819EU3,Josh's Van,0,0,2026-10-10T21:38:19.409Z
HM3I1AF8T8I,Yard,0,0,2026-10-10T21:38:19.409Z
HM3I1AF8T8I,Luke's Van,0,0,2026-10-10T21:38:19.409Z
HM3I1AF8T8I,Josh's Van,0,0,2026-10-10T21:38:19.409Z
HM3I1ITNL0A,Yard,0,0,2026-10-10T21:38:19.409Z
HM3I1ITNL0A,Luke's Van,0,0,2026-10-10T21:38:19.409Z
HM3I1ITNL0A,Josh's Van,0,0,2026-10-10T21:38:19.409Z
HM3I1ODZ36F,Yard,0,0,2026-10-10T21:38:19.409Z
HM3I1ODZ36F,Luke's Van,0,0,2026-10-10T21:38:19.409Z
HM3I1ODZ36F,Josh's Van,0,0,2026-10-10T21:38:19.409Z
HM3I1QTNNOG,Yard,1,0,2026-10-10T21:38:19.409Z
HM3I1QTNNOG,Luke's Van,2,0,2026-10-10T21:38:19.409Z
HM3I1QTNNOG,Josh's Van,0,0,2026-10-10T21:38:19.409Z
HM3I1T3EUL3,Yard,0,0,2026-10-10T21:38:19.409Z
HM3I1T3EUL3,Luke's Van,0,0,2026-10-10T21:38:19.409Z
HM3I1T3EUL3,Josh's Van,0,0,2026-10-10T21:38:19.409Z
HM3I1XTY43T,Yard,1,0,2026-10-10T21:38:19.409Z
HM3I1XTY43T,Luke's Van,1,0,2026-10-10T21:38:19.409Z
HM3I1XTY43T,Josh's Van,0,0,2026-10-10T21:38:19.409Z
HM3I21RFB0C,Yard,0,0,2026-10-10T21:38:19.409Z
HM3I21RFB0C,Luke's Van,0,0,2026-10-10T21:38:19.409Z
HM3I21RFB0C,Josh's Van,0,0,2026-10-10T21:38:19.409Z
HM3I24EZIPO,Yard,1,0,2026-10-10T21:38:19.409Z
HM3I24EZIPO,Luke's Van,3,0,2026-10-10T21:38:19.409Z
HM3I24EZIPO,Josh's Van,0,0,2026-10-10T21:38:19.409Z
HM3I26H2D0N,Yard,0,0,2026-10-10T21:38:19.409Z
HM3I26H2D0N,Luke's Van,0,0,2026-10-10T21:38:19.409Z
HM3I26H2D0N,Josh's Van,0,0,2026-10-10T21:38:19.409Z
HM3I2BXH6KG,Yard,1,0,2026-10-10T21:38:19.409Z
HM3I2BXH6KG,Luke's Van,3,0,2026-10-10T21:38:19.409Z
HM3I2BXH6KG,Josh's Van,0,0,2026-10-10T21:38:19.409Z
HM3I2ESI4VH,Yard,0,0,2026-10-10T21:38:19.409Z
HM3I2ESI4VH,Luke's Van,0,0,2026-10-10T21:38:19.409Z
HM3I2ESI4VH,Josh's Van,0,0,2026-10-10T21:38:19.409Z
HM3I2HSHXT8,Yard,0,0,2026-10-10T21:38:19.409Z
HM3I2HSHXT8,Luke's Van,31,0,2026-10-10T21:38:19.409Z
HM3I2HSHXT8,Josh's Van,0,0,2026-10-10T21:38:19.409Z
HM3I2K1V5EK,Yard,0,0,2026-10-10T21:38:19.409Z
HM3I2K1V5EK,Luke's Van,5,0,2026-10-10T21:38:19.409Z
HM3I2K1V5EK,Josh's Van,0,0,2026-10-10T21:38:19.409Z
HM3I2O8IUCM,Yard,0,0,2026-10-10T21:38:19.409Z
HM3I2O8IUCM,Luke's Van,25,0,2026-10-10T21:38:19.409Z
HM3I2O8IUCM,Josh's Van,0,0,2026-10-10T21:38:19.409Z
HM3I2V2TZ9E,Yard,1,0,2026-10-10T21:38:19.409Z
HM3I2V2TZ9E,Luke's Van,0,0,2026-10-10T21:38:19.409Z
HM3I2V2TZ9E,Josh's Van,0,0,2026-10-10T21:38:19.409Z
HM3I2Z82PB1,Yard,0,0,2026-10-10T21:38:19.409Z
HM3I2Z82PB1,Luke's Van,0,0,2026-10-10T21:38:19.409Z
HM3I2Z82PB1,Josh's Van,0,0,2026-10-10T21:38:19.409Z
HM3I32J63ME,Yard,0,0,2026-10-10T21:38:19.409Z
HM3I32J63ME,Luke's Van,0,0,2026-10-10T21:38:19.409Z
HM3I32J63ME,Josh's Van,0,0,2026-10-10T21:38:19.409Z
HM3I34FUCMJ,Yard,0,0,2026-10-10T21:38:19.409Z
HM3I34FUCMJ,Luke's Van,0,0,2026-10-10T21:38:19.409Z
HM3I34FUCMJ,Josh's Van,0,0,2026-10-10T21:38:19.409Z
HM3I368MC8O,Yard,0,0,2026-10-10T21:38:19.409Z
HM3I368MC8O,Luke's Van,0,0,2026-10-10T21:38:19.409Z
HM3I368MC8O,Josh's Van,0,0,2026-10-10T21:38:19.409Z
HM3I3849JZB,Yard,0,0,2026-10-10T21:38:19.409Z
HM3I3849JZB,Luke's Van,0,0,2026-10-10T21:38:19.409Z
HM3I3849JZB,Josh's Van,0,0,2026-10-10T21:38:19.409Z
HM3I3AY54MA,Yard,0,0,2026-10-10T21:38:19.409Z
HM3I3AY54MA,Luke's Van,0,0,2026-10-10T21:38:19.409Z
HM3I3AY54MA,Josh's Van,0,0,2026-10-10T21:38:19.409Z
HM3I3DC7IQ4,Yard,0,0,2026-10-10T21:38:19.409Z
HM3I3DC7IQ4,Luke's Van,0,0,2026-10-10T21:38:19.409Z
HM3I3DC7IQ4,Josh's Van,0,0,2026-10-10T21:38:19.409Z
HM3I3F49S4M,Yard,0,0,2026-10-10T21:38:19.409Z
HM3I3F49S4M,Luke's Van,0,0,2026-10-10T21:38:19.409Z
HM3I3F49S4M,Josh's Van,0,0,2026-10-10T21:38:19.409Z
HM3I3H4ZR7K,Yard,0,0,2026-10-10T21:38:19.409Z
HM3I3H4ZR7K,Luke's Van,0,0,2026-10-10T21:38:19.409Z
HM3I3H4ZR7K,Josh's Van,0,0,2026-10-10T21:38:19.409Z
HM3I3IZPX89,Yard,0,0,2026-10-10T21:38:19.409Z
HM3I3IZPX89,Luke's Van,0,0,2026-10-10T21:38:19.409Z
HM3I3IZPX89,Josh's Van,0,0,2026-10-10T21:38:19.409Z
HM3I93JEIYN,Yard,0,0,2026-10-10T21:38:19.409Z
HM3I93JEIYN,Luke's Van,0,0,2026-10-10T21:38:19.409Z
HM3I93JEIYN,Josh's Van,0,0,2026-10-10T21:38:19.409Z
HM3I95BYBEJ,Yard,0,0,2026-10-10T21:38:19.409Z
HM3I95BYBEJ,Luke's Van,0,0,2026-10-10T21:38:19.409Z
HM3I95BYBEJ,Josh's Van,0,0,2026-10-10T21:38:19.409Z
HM3I97Y67XN,Yard,0,0,2026-10-10T21:38:19.409Z
HM3I97Y67XN,Luke's Van,0,0,2026-10-10T21:38:19.409Z
HM3I97Y67XN,Josh's Van,0,0,2026-10-10T21:38:19.409Z
HM3I99P8PQU,Yard,0,0,2026-10-10T21:38:19.409Z
HM3I99P8PQU,Luke's Van,0,0,2026-10-10T21:38:19.409Z
HM3I99P8PQU,Josh's Van,0,0,2026-10-10T21:38:19.409Z
HM3I9BKAV4C,Yard,0,0,2026-10-10T21:38:19.409Z
HM3I9BKAV4C,Luke's Van,0,0,2026-10-10T21:38:19.409Z
HM3I9BKAV4C,Josh's Van,0,0,2026-10-10T21:38:19.409Z
HM3I9F3O6QE,Yard,0,0,2026-10-10T21:38:19.409Z
HM3I9F3O6QE,Luke's Van,0,0,2026-10-10T21:38:19.409Z
HM3I9F3O6QE,Josh's Van,0,0,2026-10-10T21:38:19.409Z
HM3I9JX0IYO,Yard,0,0,2026-10-10T21:38:19.409Z
HM3I9JX0IYO,Luke's Van,0,0,2026-10-10T21:38:19.409Z
HM3I9JX0IYO,Josh's Van,0,0,2026-10-10T21:38:19.409Z
HM3IBA90OPU,Yard,0,0,2026-10-10T21:38:19.409Z
HM3IBA90OPU,Luke's Van,0,0,2026-10-10T21:38:19.409Z
HM3IBA90OPU,Josh's Van,0,0,2026-10-10T21:38:19.409Z
HM3IBCRJAW6,Yard,0,0,2026-10-10T21:38:19.409Z
HM3IBCRJAW6,Luke's Van,0,0,2026-10-10T21:38:19.409Z
HM3IBCRJAW6,Josh's Van,0,0,2026-10-10T21:38:19.409Z
HM3IBFECOP9,Yard,0,0,2026-10-10T21:38:19.409Z
HM3IBFECOP9,Luke's Van,0,0,2026-10-10T21:38:19.409Z
HM3IBFECOP9,Josh's Van,0,0,2026-10-10T21:38:19.409Z
HM3IBKY6TVI,Yard,0,0,2026-10-10T21:38:19.409Z
HM3IBKY6TVI,Luke's Van,0,0,2026-10-10T21:38:19.409Z
HM3IBKY6TVI,Josh's Van,0,0,2026-10-10T21:38:19.409Z
HM3IBNDW11I,Yard,0,0,2026-10-10T21:38:19.409Z
HM3IBNDW11I,Luke's Van,0,0,2026-10-10T21:38:19.409Z
HM3IBNDW11I,Josh's Van,0,0,2026-10-10T21:38:19.409Z
HM3IBQ80GOP,Yard,0,0,2026-10-10T21:38:19.409Z
HM3IBQ80GOP,Luke's Van,0,0,2026-10-10T21:38:19.409Z
HM3IBQ80GOP,Josh's Van,0,0,2026-10-10T21:38:19.409Z
HM3IBS7429A,Yard,0,0,2026-10-10T21:38:19.409Z
HM3IBS7429A,Luke's Van,0,0,2026-10-10T21:38:19.409Z
HM3IBS7429A,Josh's Van,0,0,2026-10-10T21:38:19.409Z
HM3IBXRMXO9,Yard,0,0,2026-10-10T21:38:19.409Z
HM3IBXRMXO9,Luke's Van,0,0,2026-10-10T21:38:19.409Z
HM3IBXRMXO9,Josh's Van,0,0,2026-10-10T21:38:19.409Z
HM3IBZO2FUN,Yard,0,0,2026-10-10T21:38:19.409Z
HM3IBZO2FUN,Luke's Van,0,0,2026-10-10T21:38:19.409Z
HM3IBZO2FUN,Josh's Van,0,0,2026-10-10T21:38:19.409Z
HM3IC1PO8BQ,Yard,0,0,2026-10-10T21:38:19.409Z
HM3IC1PO8BQ,Luke's Van,0,0,2026-10-10T21:38:19.409Z
HM3IC1PO8BQ,Josh's Van,0,0,2026-10-10T21:38:19.409Z
HM3IC53SWOF,Yard,0,0,2026-10-10T21:38:19.409Z
HM3IC53SWOF,Luke's Van,0,0,2026-10-10T21:38:19.409Z
HM3IC53SWOF,Josh's Van,0,0,2026-10-10T21:38:19.409Z
HM3IC7MU225,Yard,0,0,2026-10-10T21:38:19.409Z
HM3IC7MU225,Luke's Van,0,0,2026-10-10T21:38:19.409Z
HM3IC7MU225,Josh's Van,0,0,2026-10-10T21:38:19.409Z
HM3IC9WE8CF,Yard,0,0,2026-10-10T21:38:19.409Z
HM3IC9WE8CF,Luke's Van,0,0,2026-10-10T21:38:19.409Z
HM3IC9WE8CF,Josh's Van,0,0,2026-10-10T21:38:19.409Z
HM3ICBVSIUB,Yard,0,0,2026-10-10T21:38:19.409Z
HM3ICBVSIUB,Luke's Van,0,0,2026-10-10T21:38:19.409Z
HM3ICBVSIUB,Josh's Van,0,0,2026-10-10T21:38:19.409Z
HM3ICDQ4C3S,Yard,0,0,2026-10-10T21:38:19.409Z
HM3ICDQ4C3S,Luke's Van,0,0,2026-10-10T21:38:19.409Z
HM3ICDQ4C3S,Josh's Van,0,0,2026-10-10T21:38:19.409Z
HM3ICG0290F,Yard,0,0,2026-10-10T21:38:19.409Z
HM3ICG0290F,Luke's Van,0,0,2026-10-10T21:38:19.409Z
HM3ICG0290F,Josh's Van,0,0,2026-10-10T21:38:19.409Z
HM3ICHW2MAS,Yard,0,0,2026-10-10T21:38:19.409Z
HM3ICHW2MAS,Luke's Van,0,0,2026-10-10T21:38:19.409Z
HM3ICHW2MAS,Josh's Van,0,0,2026-10-10T21:38:19.409Z
HM3ICJX8N1M,Yard,0,0,2026-10-10T21:38:19.409Z
HM3ICJX8N1M,Luke's Van,0,0,2026-10-10T21:38:19.409Z
HM3ICJX8N1M,Josh's Van,0,0,2026-10-10T21:38:19.409Z
HM3ICLVAL7R,Yard,0,0,2026-10-10T21:38:19.409Z
HM3ICLVAL7R,Luke's Van,0,0,2026-10-10T21:38:19.409Z
HM3ICLVAL7R,Josh's Van,0,0,2026-10-10T21:38:19.409Z
HM3ICOY6UYE,Yard,0,0,2026-10-10T21:38:19.409Z
HM3ICOY6UYE,Luke's Van,0,0,2026-10-10T21:38:19.409Z
HM3ICOY6UYE,Josh's Van,0,0,2026-10-10T21:38:19.409Z
HM3ICQPIY5I,Yard,0,0,2026-10-10T21:38:19.409Z
HM3ICQPIY5I,Luke's Van,0,0,2026-10-10T21:38:19.409Z
HM3ICQPIY5I,Josh's Van,0,0,2026-10-10T21:38:19.409Z
HM3ICSM8H9V,Yard,0,0,2026-10-10T21:38:19.409Z
HM3ICSM8H9V,Luke's Van,0,0,2026-10-10T21:38:19.409Z
HM3ICSM8H9V,Josh's Van,0,0,2026-10-10T21:38:19.409Z
HM3ICUO225N,Yard,0,0,2026-10-10T21:38:19.409Z
HM3ICUO225N,Luke's Van,0,0,2026-10-10T21:38:19.409Z
HM3ICUO225N,Josh's Van,0,0,2026-10-10T21:38:19.409Z
HM3ICWUMDFE,Yard,0,0,2026-10-10T21:38:19.409Z
HM3ICWUMDFE,Luke's Van,0,0,2026-10-10T21:38:19.409Z
HM3ICWUMDFE,Josh's Van,0,0,2026-10-10T21:38:19.409Z
HM3ICZ3QVJ2,Yard,0,0,2026-10-10T21:38:19.409Z
HM3ICZ3QVJ2,Luke's Van,0,0,2026-10-10T21:38:19.409Z
HM3ICZ3QVJ2,Josh's Van,0,0,2026-10-10T21:38:19.409Z
HM3ID8FQQEC,Yard,0,0,2026-10-10T21:38:19.409Z
HM3ID8FQQEC,Luke's Van,0,0,2026-10-10T21:38:19.409Z
HM3ID8FQQEC,Josh's Van,0,0,2026-10-10T21:38:19.409Z
HM3IDB1OMDB,Yard,0,0,2026-10-10T21:38:19.409Z
HM3IDB1OMDB,Luke's Van,0,0,2026-10-10T21:38:19.409Z
HM3IDB1OMDB,Josh's Van,0,0,2026-10-10T21:38:19.409Z
HM3IDCZQ7WE,Yard,0,0,2026-10-10T21:38:19.409Z
HM3IDCZQ7WE,Luke's Van,0,0,2026-10-10T21:38:19.409Z
HM3IDCZQ7WE,Josh's Van,0,0,2026-10-10T21:38:19.409Z
HM3IDEVM91V,Yard,0,0,2026-10-10T21:38:19.409Z
HM3IDEVM91V,Luke's Van,0,0,2026-10-10T21:38:19.409Z
HM3IDEVM91V,Josh's Van,0,0,2026-10-10T21:38:19.409Z
HM3IDLP5EZH,Yard,0,0,2026-10-10T21:38:19.409Z
HM3IDLP5EZH,Luke's Van,0,0,2026-10-10T21:38:19.409Z
HM3IDLP5EZH,Josh's Van,0,0,2026-10-10T21:38:19.409Z
HM3IDNK2EWQ,Yard,0,0,2026-10-10T21:38:19.409Z
HM3IDNK2EWQ,Luke's Van,0,0,2026-10-10T21:38:19.409Z
HM3IDNK2EWQ,Josh's Van,0,0,2026-10-10T21:38:19.409Z
HM3IDPQWA3B,Yard,0,0,2026-10-10T21:38:19.409Z
HM3IDPQWA3B,Luke's Van,0,0,2026-10-10T21:38:19.409Z
HM3IDPQWA3B,Josh's Van,0,0,2026-10-10T21:38:19.409Z
HM3IDS4GX6T,Yard,0,0,2026-10-10T21:38:19.409Z
HM3IDS4GX6T,Luke's Van,0,0,2026-10-10T21:38:19.409Z
HM3IDS4GX6T,Josh's Van,0,0,2026-10-10T21:38:19.409Z
HM3IDU70JTM,Yard,0,0,2026-10-10T21:38:19.409Z
HM3IDU70JTM,Luke's Van,0,0,2026-10-10T21:38:19.409Z
HM3IDU70JTM,Josh's Van,0,0,2026-10-10T21:38:19.409Z
HM3IDW8G60K,Yard,0,0,2026-10-10T21:38:19.409Z
HM3IDW8G60K,Luke's Van,0,0,2026-10-10T21:38:19.409Z
HM3IDW8G60K,Josh's Van,0,0,2026-10-10T21:38:19.409Z
HM3IDYY0SGE,Yard,0,0,2026-10-10T21:38:19.409Z
HM3IDYY0SGE,Luke's Van,0,0,2026-10-10T21:38:19.409Z
HM3IDYY0SGE,Josh's Van,0,0,2026-10-10T21:38:19.409Z
HM3IE1V0ZSX,Yard,0,0,2026-10-10T21:38:19.409Z
HM3IE1V0ZSX,Luke's Van,0,0,2026-10-10T21:38:19.409Z
HM3IE1V0ZSX,Josh's Van,0,0,2026-10-10T21:38:19.409Z
HM3IE3WTJPH,Yard,0,0,2026-10-10T21:38:19.409Z
HM3IE3WTJPH,Luke's Van,0,0,2026-10-10T21:38:19.409Z
HM3IE3WTJPH,Josh's Van,0,0,2026-10-10T21:38:19.409Z
HM3IEBSYSCW,Yard,0,0,2026-10-10T21:38:19.409Z
HM3IEBSYSCW,Luke's Van,0,0,2026-10-10T21:38:19.409Z
HM3IEBSYSCW,Josh's Van,0,0,2026-10-10T21:38:19.409Z
HM3IEDG8OKI,Yard,0,0,2026-10-10T21:38:19.409Z
HM3IEDG8OKI,Luke's Van,0,0,2026-10-10T21:38:19.409Z
HM3IEDG8OKI,Josh's Van,0,0,2026-10-10T21:38:19.409Z
HM3IEF3MJFV,Yard,0,0,2026-10-10T21:38:19.409Z
HM3IEF3MJFV,Luke's Van,0,0,2026-10-10T21:38:19.409Z
HM3IEF3MJFV,Josh's Van,0,0,2026-10-10T21:38:19.409Z
HM3IEM76YRO,Yard,1,0,2026-10-10T21:38:19.409Z
HM3IEM76YRO,Luke's Van,0,0,2026-10-10T21:38:19.409Z
HM3IEM76YRO,Josh's Van,0,0,2026-10-10T21:38:19.409Z
HM3IEO0UXHL,Yard,0,0,2026-10-10T21:38:19.409Z
HM3IEO0UXHL,Luke's Van,0,0,2026-10-10T21:38:19.409Z
HM3IEO0UXHL,Josh's Van,0,0,2026-10-10T21:38:19.409Z
HM3IEPNEZXU,Yard,0,0,2026-10-10T21:38:19.409Z
HM3IEPNEZXU,Luke's Van,0,0,2026-10-10T21:38:19.409Z
HM3IEPNEZXU,Josh's Van,0,0,2026-10-10T21:38:19.409Z
HM3IERM0XMS,Yard,0,0,2026-10-10T21:38:19.409Z
HM3IERM0XMS,Luke's Van,0,0,2026-10-10T21:38:19.409Z
HM3IERM0XMS,Josh's Van,0,0,2026-10-10T21:38:19.409Z
HM3IETMMSCH,Yard,0,0,2026-10-10T21:38:19.409Z
HM3IETMMSCH,Luke's Van,0,0,2026-10-10T21:38:19.409Z
HM3IETMMSCH,Josh's Van,0,0,2026-10-10T21:38:19.409Z
HM3IEVH6OBO,Yard,0,0,2026-10-10T21:38:19.409Z
HM3IEVH6OBO,Luke's Van,0,0,2026-10-10T21:38:19.409Z
HM3IEVH6OBO,Josh's Van,0,0,2026-10-10T21:38:19.409Z
HM3IF1MQQKQ,Yard,0,0,2026-10-10T21:38:19.409Z
HM3IF1MQQKQ,Luke's Van,0,0,2026-10-10T21:38:19.409Z
HM3IF1MQQKQ,Josh's Van,0,0,2026-10-10T21:38:19.409Z
HM3IF74Y2HM,Yard,0,0,2026-10-10T21:38:19.409Z
HM3IF74Y2HM,Luke's Van,0,0,2026-10-10T21:38:19.409Z
HM3IF74Y2HM,Josh's Van,0,0,2026-10-10T21:38:19.409Z
HM3IFC1WVN7,Yard,0,0,2026-10-10T21:38:19.409Z
HM3IFC1WVN7,Luke's Van,0,0,2026-10-10T21:38:19.409Z
HM3IFC1WVN7,Josh's Van,0,0,2026-10-10T21:38:19.409Z
HM3IFEE682P,Yard,0,0,2026-10-10T21:38:19.409Z
HM3IFEE682P,Luke's Van,0,0,2026-10-10T21:38:19.409Z
HM3IFEE682P,Josh's Van,0,0,2026-10-10T21:38:19.409Z
HM3IFGECY0C,Yard,0,0,2026-10-10T21:38:19.409Z
HM3IFGECY0C,Luke's Van,0,0,2026-10-10T21:38:19.409Z
HM3IFGECY0C,Josh's Van,0,0,2026-10-10T21:38:19.409Z
HM3IFI7EYUP,Yard,0,0,2026-10-10T21:38:19.409Z
HM3IFI7EYUP,Luke's Van,0,0,2026-10-10T21:38:19.409Z
HM3IFI7EYUP,Josh's Van,0,0,2026-10-10T21:38:19.409Z
HM3IFMHOD9T,Yard,0,0,2026-10-10T21:38:19.409Z
HM3IFMHOD9T,Luke's Van,0,0,2026-10-10T21:38:19.409Z
HM3IFMHOD9T,Josh's Van,0,0,2026-10-10T21:38:19.409Z
HM3IFOKM7ES,Yard,0,0,2026-10-10T21:38:19.409Z
HM3IFOKM7ES,Luke's Van,0,0,2026-10-10T21:38:19.409Z
HM3IFOKM7ES,Josh's Van,0,0,2026-10-10T21:38:19.409Z
HM3IFQJ5ZVK,Yard,0,0,2026-10-10T21:38:19.409Z
HM3IFQJ5ZVK,Luke's Van,0,0,2026-10-10T21:38:19.409Z
HM3IFQJ5ZVK,Josh's Van,0,0,2026-10-10T21:38:19.409Z
HM3IFTGGKZG,Yard,0,0,2026-10-10T21:38:19.409Z
HM3IFTGGKZG,Luke's Van,0,0,2026-10-10T21:38:19.409Z
HM3IFTGGKZG,Josh's Van,0,0,2026-10-10T21:38:19.409Z
HM3IFVV0VO4,Yard,0,0,2026-10-10T21:38:19.409Z
HM3IFVV0VO4,Luke's Van,0,0,2026-10-10T21:38:19.409Z
HM3IFVV0VO4,Josh's Van,0,0,2026-10-10T21:38:19.409Z
HM3IFY14PRC,Yard,0,0,2026-10-10T21:38:19.409Z
HM3IFY14PRC,Luke's Van,0,0,2026-10-10T21:38:19.409Z
HM3IFY14PRC,Josh's Van,0,0,2026-10-10T21:38:19.409Z
HM3IG21G0IG,Yard,0,0,2026-10-10T21:38:19.409Z
HM3IG21G0IG,Luke's Van,0,0,2026-10-10T21:38:19.409Z
HM3IG21G0IG,Josh's Van,0,0,2026-10-10T21:38:19.409Z
HM3IG492TQT,Yard,0,0,2026-10-10T21:38:19.409Z
HM3IG492TQT,Luke's Van,0,0,2026-10-10T21:38:19.409Z
HM3IG492TQT,Josh's Van,0,0,2026-10-10T21:38:19.409Z
HM3IG9QCE9F,Yard,0,0,2026-10-10T21:38:19.409Z
HM3IG9QCE9F,Luke's Van,0,0,2026-10-10T21:38:19.409Z
HM3IG9QCE9F,Josh's Van,0,0,2026-10-10T21:38:19.409Z
HM3IGBY4W6K,Yard,0,0,2026-10-10T21:38:19.409Z
HM3IGBY4W6K,Luke's Van,0,0,2026-10-10T21:38:19.409Z
HM3IGBY4W6K,Josh's Van,0,0,2026-10-10T21:38:19.409Z
HM3IGE6CL7D,Yard,0,0,2026-10-10T21:38:19.409Z
HM3IGE6CL7D,Luke's Van,0,0,2026-10-10T21:38:19.409Z
HM3IGE6CL7D,Josh's Van,0,0,2026-10-10T21:38:19.409Z
HM3IGG2SEMF,Yard,0,0,2026-10-10T21:38:19.409Z
HM3IGG2SEMF,Luke's Van,0,0,2026-10-10T21:38:19.409Z
HM3IGG2SEMF,Josh's Van,0,0,2026-10-10T21:38:19.409Z
HM3IGLDOFPB,Yard,0,0,2026-10-10T21:38:19.409Z
HM3IGLDOFPB,Luke's Van,0,0,2026-10-10T21:38:19.409Z
HM3IGLDOFPB,Josh's Van,0,0,2026-10-10T21:38:19.409Z
HM3IGSPSXHU,Yard,0,0,2026-10-10T21:38:19.409Z
HM3IGSPSXHU,Luke's Van,0,0,2026-10-10T21:38:19.409Z
HM3IGSPSXHU,Josh's Van,0,0,2026-10-10T21:38:19.409Z
HM3IGVNYEKA,Yard,0,0,2026-10-10T21:38:19.409Z
HM3IGVNYEKA,Luke's Van,0,0,2026-10-10T21:38:19.409Z
HM3IGVNYEKA,Josh's Van,0,0,2026-10-10T21:38:19.409Z
HM3IH71KFYI,Yard,0,0,2026-10-10T21:38:19.409Z
HM3IH71KFYI,Luke's Van,0,0,2026-10-10T21:38:19.409Z
HM3IH71KFYI,Josh's Van,0,0,2026-10-10T21:38:19.409Z
HM3IH8SY40G,Yard,0,0,2026-10-10T21:38:19.409Z
HM3IH8SY40G,Luke's Van,0,0,2026-10-10T21:38:19.409Z
HM3IH8SY40G,Josh's Van,0,0,2026-10-10T21:38:19.409Z
HM3IHD92BTK,Yard,0,0,2026-10-10T21:38:19.409Z
HM3IHD92BTK,Luke's Van,0,0,2026-10-10T21:38:19.409Z
HM3IHD92BTK,Josh's Van,0,0,2026-10-10T21:38:19.409Z
HM3IHF1IRFD,Yard,0,0,2026-10-10T21:38:19.409Z
HM3IHF1IRFD,Luke's Van,0,0,2026-10-10T21:38:19.409Z
HM3IHF1IRFD,Josh's Van,0,0,2026-10-10T21:38:19.409Z
HM3IHH2JHSY,Yard,0,0,2026-10-10T21:38:19.409Z
HM3IHH2JHSY,Luke's Van,0,0,2026-10-10T21:38:19.409Z
HM3IHH2JHSY,Josh's Van,0,0,2026-10-10T21:38:19.409Z
HM3IHNZ4FO1,Yard,0,0,2026-10-10T21:38:19.409Z
HM3IHNZ4FO1,Luke's Van,0,0,2026-10-10T21:38:19.409Z
HM3IHNZ4FO1,Josh's Van,0,0,2026-10-10T21:38:19.409Z
HM3IHPZMU3P,Yard,0,0,2026-10-10T21:38:19.409Z
HM3IHPZMU3P,Luke's Van,0,0,2026-10-10T21:38:19.409Z
HM3IHPZMU3P,Josh's Van,0,0,2026-10-10T21:38:19.409Z
HM3IHRYCAZZ,Yard,0,0,2026-10-10T21:38:19.409Z
HM3IHRYCAZZ,Luke's Van,0,0,2026-10-10T21:38:19.409Z
HM3IHRYCAZZ,Josh's Van,0,0,2026-10-10T21:38:19.409Z
HM3IHU1BJQK,Yard,0,0,2026-10-10T21:38:19.409Z
HM3IHU1BJQK,Luke's Van,0,0,2026-10-10T21:38:19.409Z
HM3IHU1BJQK,Josh's Van,0,0,2026-10-10T21:38:19.409Z
HM3II7ZSP4E,Yard,0,0,2026-10-10T21:38:19.409Z
HM3II7ZSP4E,Luke's Van,0,0,2026-10-10T21:38:19.409Z
HM3II7ZSP4E,Josh's Van,0,0,2026-10-10T21:38:19.409Z
HM3IIA2IJWK,Yard,0,0,2026-10-10T21:38:19.409Z
HM3IIA2IJWK,Luke's Van,0,0,2026-10-10T21:38:19.409Z
HM3IIA2IJWK,Josh's Van,0,0,2026-10-10T21:38:19.409Z
HM3IIBZG9QV,Yard,0,0,2026-10-10T21:38:19.409Z
HM3IIBZG9QV,Luke's Van,0,0,2026-10-10T21:38:19.409Z
HM3IIBZG9QV,Josh's Van,0,0,2026-10-10T21:38:19.409Z
HM3IIDSCGCW,Yard,0,0,2026-10-10T21:38:19.409Z
HM3IIDSCGCW,Luke's Van,0,0,2026-10-10T21:38:19.409Z
HM3IIDSCGCW,Josh's Van,0,0,2026-10-10T21:38:19.409Z
HM3IIFSNORQ,Yard,0,0,2026-10-10T21:38:19.409Z
HM3IIFSNORQ,Luke's Van,0,0,2026-10-10T21:38:19.409Z
HM3IIFSNORQ,Josh's Van,0,0,2026-10-10T21:38:19.409Z
HM3IIHLEPXB,Yard,10,0,2026-10-10T21:38:19.409Z
HM3IIHLEPXB,Luke's Van,213,0,2026-10-10T21:38:19.409Z
HM3IIHLEPXB,Josh's Van,0,0,2026-10-10T21:38:19.409Z
HM3IIJD8NFE,Yard,33,0,2026-10-10T21:38:19.409Z
HM3IIJD8NFE,Luke's Van,212,0,2026-10-10T21:38:19.409Z
HM3IIJD8NFE,Josh's Van,0,0,2026-10-10T21:38:19.409Z
HM3IIMZACYR,Yard,0,0,2026-10-10T21:38:19.409Z
HM3IIMZACYR,Luke's Van,0,0,2026-10-10T21:38:19.409Z
HM3IIMZACYR,Josh's Van,0,0,2026-10-10T21:38:19.409Z
HM3IIPG67IW,Yard,1,0,2026-10-10T21:38:19.409Z
HM3IIPG67IW,Luke's Van,0,0,2026-10-10T21:38:19.409Z
HM3IIPG67IW,Josh's Van,0,0,2026-10-10T21:38:19.409Z
HM3IIU1GU8A,Yard,0,0,2026-10-10T21:38:19.409Z
HM3IIU1GU8A,Luke's Van,1,0,2026-10-10T21:38:19.409Z
HM3IIU1GU8A,Josh's Van,0,0,2026-10-10T21:38:19.409Z
HM3IIWEHQTX,Yard,0,0,2026-10-10T21:38:19.409Z
HM3IIWEHQTX,Luke's Van,0,0,2026-10-10T21:38:19.409Z
HM3IIWEHQTX,Josh's Van,0,0,2026-10-10T21:38:19.409Z
HM3IIY6EKAG,Yard,0,0,2026-10-10T21:38:19.409Z
HM3IIY6EKAG,Luke's Van,0,0,2026-10-10T21:38:19.409Z
HM3IIY6EKAG,Josh's Van,0,0,2026-10-10T21:38:19.409Z
HM3IJ2UW50L,Yard,0,0,2026-10-10T21:38:19.409Z
HM3IJ2UW50L,Luke's Van,0,0,2026-10-10T21:38:19.409Z
HM3IJ2UW50L,Josh's Van,0,0,2026-10-10T21:38:19.409Z
HM3IJ4ZW44U,Yard,0,0,2026-10-10T21:38:19.409Z
HM3IJ4ZW44U,Luke's Van,1,0,2026-10-10T21:38:19.409Z
HM3IJ4ZW44U,Josh's Van,0,0,2026-10-10T21:38:19.409Z
HM3IJH7S3UK,Yard,0,0,2026-10-10T21:38:19.409Z
HM3IJH7S3UK,Luke's Van,1,0,2026-10-10T21:38:19.409Z
HM3IJH7S3UK,Josh's Van,0,0,2026-10-10T21:38:19.409Z
HM3IJIXOBRN,Yard,0,0,2026-10-10T21:38:19.409Z
HM3IJIXOBRN,Luke's Van,1,0,2026-10-10T21:38:19.409Z
HM3IJIXOBRN,Josh's Van,0,0,2026-10-10T21:38:19.409Z
HM3IJKKU5BC,Yard,0,0,2026-10-10T21:38:19.409Z
HM3IJKKU5BC,Luke's Van,2,0,2026-10-10T21:38:19.409Z
HM3IJKKU5BC,Josh's Van,0,0,2026-10-10T21:38:19.409Z
HM3IJM8082G,Yard,2,0,2026-10-10T21:38:19.409Z
HM3IJM8082G,Luke's Van,0,0,2026-10-10T21:38:19.409Z
HM3IJM8082G,Josh's Van,0,0,2026-10-10T21:38:19.409Z
HM3IJO3S9QS,Yard,0,0,2026-10-10T21:38:19.409Z
HM3IJO3S9QS,Luke's Van,0,0,2026-10-10T21:38:19.409Z
HM3IJO3S9QS,Josh's Van,0,0,2026-10-10T21:38:19.409Z
HM3IJV6JUI8,Yard,0,0,2026-10-10T21:38:19.409Z
HM3IJV6JUI8,Luke's Van,1,0,2026-10-10T21:38:19.409Z
HM3IJV6JUI8,Josh's Van,0,0,2026-10-10T21:38:19.409Z
HM3IJXBAO2R,Yard,0,0,2026-10-10T21:38:19.409Z
HM3IJXBAO2R,Luke's Van,0,0,2026-10-10T21:38:19.409Z
HM3IJXBAO2R,Josh's Van,0,0,2026-10-10T21:38:19.409Z
HM3IJZ372JI,Yard,16,0,2026-10-10T21:38:19.409Z
HM3IJZ372JI,Luke's Van,0,0,2026-10-10T21:38:19.409Z
HM3IJZ372JI,Josh's Van,0,0,2026-10-10T21:38:19.409Z
HM3IK3AQYVR,Yard,0,0,2026-10-10T21:38:19.409Z
HM3IK3AQYVR,Luke's Van,0,0,2026-10-10T21:38:19.409Z
HM3IK3AQYVR,Josh's Van,0,0,2026-10-10T21:38:19.409Z
HM3IK8ZQUFH,Yard,0,0,2026-10-10T21:38:19.409Z
HM3IK8ZQUFH,Luke's Van,0,0,2026-10-10T21:38:19.409Z
HM3IK8ZQUFH,Josh's Van,0,0,2026-10-10T21:38:19.409Z
HM3IKBSE37F,Yard,0,0,2026-10-10T21:38:19.409Z
HM3IKBSE37F,Luke's Van,0,0,2026-10-10T21:38:19.409Z
HM3IKBSE37F,Josh's Van,0,0,2026-10-10T21:38:19.409Z
HM3IKE7S7TJ,Yard,0,0,2026-10-10T21:38:19.409Z
HM3IKE7S7TJ,Luke's Van,0,0,2026-10-10T21:38:19.409Z
HM3IKE7S7TJ,Josh's Van,0,0,2026-10-10T21:38:19.409Z
HM3IKJ8ZO8X,Yard,0,0,2026-10-10T21:38:19.409Z
HM3IKJ8ZO8X,Luke's Van,0,0,2026-10-10T21:38:19.409Z
HM3IKJ8ZO8X,Josh's Van,0,0,2026-10-10T21:38:19.409Z
HM3IKMJNPYA,Yard,0,0,2026-10-10T21:38:19.409Z
HM3IKMJNPYA,Luke's Van,0,0,2026-10-10T21:38:19.409Z
HM3IKMJNPYA,Josh's Van,0,0,2026-10-10T21:38:19.409Z
HM3IKP2WPYX,Yard,0,0,2026-10-10T21:38:19.409Z
HM3IKP2WPYX,Luke's Van,0,0,2026-10-10T21:38:19.409Z
HM3IKP2WPYX,Josh's Van,0,0,2026-10-10T21:38:19.409Z
HM3IKV7UDMQ,Yard,0,0,2026-10-10T21:38:19.409Z
HM3IKV7UDMQ,Luke's Van,0,0,2026-10-10T21:38:19.409Z
HM3IKV7UDMQ,Josh's Van,0,0,2026-10-10T21:38:19.409Z
HM3IKX6D9UO,Yard,0,0,2026-10-10T21:38:19.409Z
HM3IKX6D9UO,Luke's Van,0,0,2026-10-10T21:38:19.409Z
HM3IKX6D9UO,Josh's Van,0,0,2026-10-10T21:38:19.409Z
HM3IKZ59QSD,Yard,0,0,2026-10-10T21:38:19.409Z
HM3IKZ59QSD,Luke's Van,0,0,2026-10-10T21:38:19.409Z
HM3IKZ59QSD,Josh's Van,0,0,2026-10-10T21:38:19.409Z
HM3IL0W2P2L,Yard,0,0,2026-10-10T21:38:19.409Z
HM3IL0W2P2L,Luke's Van,0,0,2026-10-10T21:38:19.409Z
HM3IL0W2P2L,Josh's Van,0,0,2026-10-10T21:38:19.409Z
HM3IL2KBJPT,Yard,0,0,2026-10-10T21:38:19.409Z
HM3IL2KBJPT,Luke's Van,0,0,2026-10-10T21:38:19.409Z
HM3IL2KBJPT,Josh's Van,0,0,2026-10-10T21:38:19.409Z
HM3IL6YM1VI,Yard,0,0,2026-10-10T21:38:19.409Z
HM3IL6YM1VI,Luke's Van,0,0,2026-10-10T21:38:19.409Z
HM3IL6YM1VI,Josh's Van,0,0,2026-10-10T21:38:19.409Z
HM3IL9BYJ3Z,Yard,0,0,2026-10-10T21:38:19.409Z
HM3IL9BYJ3Z,Luke's Van,0,0,2026-10-10T21:38:19.409Z
HM3IL9BYJ3Z,Josh's Van,0,0,2026-10-10T21:38:19.409Z
HM3ILBH07YH,Yard,0,0,2026-10-10T21:38:19.409Z
HM3ILBH07YH,Luke's Van,0,0,2026-10-10T21:38:19.409Z
HM3ILBH07YH,Josh's Van,0,0,2026-10-10T21:38:19.409Z
HM3ILDFILBL,Yard,0,0,2026-10-10T21:38:19.409Z
HM3ILDFILBL,Luke's Van,0,0,2026-10-10T21:38:19.409Z
HM3ILDFILBL,Josh's Van,0,0,2026-10-10T21:38:19.409Z
HM3ILFC79EO,Yard,0,0,2026-10-10T21:38:19.409Z
HM3ILFC79EO,Luke's Van,0,0,2026-10-10T21:38:19.409Z
HM3ILFC79EO,Josh's Van,0,0,2026-10-10T21:38:19.409Z
HM3ILH0M5YD,Yard,0,0,2026-10-10T21:38:19.409Z
HM3ILH0M5YD,Luke's Van,0,0,2026-10-10T21:38:19.409Z
HM3ILH0M5YD,Josh's Van,0,0,2026-10-10T21:38:19.409Z
HM3ILJ7JJ0B,Yard,0,0,2026-10-10T21:38:19.409Z
HM3ILJ7JJ0B,Luke's Van,0,0,2026-10-10T21:38:19.409Z
HM3ILJ7JJ0B,Josh's Van,0,0,2026-10-10T21:38:19.409Z
HM3ILL9RMSH,Yard,0,0,2026-10-10T21:38:19.409Z
HM3ILL9RMSH,Luke's Van,0,0,2026-10-10T21:38:19.409Z
HM3ILL9RMSH,Josh's Van,0,0,2026-10-10T21:38:19.409Z
HM3ILNII24H,Yard,0,0,2026-10-10T21:38:19.409Z
HM3ILNII24H,Luke's Van,0,0,2026-10-10T21:38:19.409Z
HM3ILNII24H,Josh's Van,0,0,2026-10-10T21:38:19.409Z
HM3ILPW7CKM,Yard,0,0,2026-10-10T21:38:19.409Z
HM3ILPW7CKM,Luke's Van,1,0,2026-10-10T21:38:19.409Z
HM3ILPW7CKM,Josh's Van,0,0,2026-10-10T21:38:19.409Z
HM3ILS7U3SY,Yard,0,0,2026-10-10T21:38:19.409Z
HM3ILS7U3SY,Luke's Van,0,0,2026-10-10T21:38:19.409Z
HM3ILS7U3SY,Josh's Van,0,0,2026-10-10T21:38:19.409Z
HM3ILTZ8QFW,Yard,0,0,2026-10-10T21:38:19.409Z
HM3ILTZ8QFW,Luke's Van,0,0,2026-10-10T21:38:19.409Z
HM3ILTZ8QFW,Josh's Van,0,0,2026-10-10T21:38:19.409Z
HM3ILVWP6WW,Yard,0,0,2026-10-10T21:38:19.409Z
HM3ILVWP6WW,Luke's Van,0,0,2026-10-10T21:38:19.409Z
HM3ILVWP6WW,Josh's Van,0,0,2026-10-10T21:38:19.409Z
HM3ILZ6NSAJ,Yard,0,0,2026-10-10T21:38:19.409Z
HM3ILZ6NSAJ,Luke's Van,0,0,2026-10-10T21:38:19.409Z
HM3ILZ6NSAJ,Josh's Van,0,0,2026-10-10T21:38:19.409Z
HM3IM11GEFB,Yard,0,0,2026-10-10T21:38:19.409Z
HM3IM11GEFB,Luke's Van,0,0,2026-10-10T21:38:19.409Z
HM3IM11GEFB,Josh's Van,0,0,2026-10-10T21:38:19.409Z
HM3IM2SVVJ9,Yard,0,0,2026-10-10T21:38:19.409Z
HM3IM2SVVJ9,Luke's Van,0,0,2026-10-10T21:38:19.409Z
HM3IM2SVVJ9,Josh's Van,0,0,2026-10-10T21:38:19.409Z
HM3IM50Q05R,Yard,0,0,2026-10-10T21:38:19.409Z
HM3IM50Q05R,Luke's Van,0,0,2026-10-10T21:38:19.409Z
HM3IM50Q05R,Josh's Van,0,0,2026-10-10T21:38:19.409Z
HM3JPAIFD3P,Yard,1,0,2026-10-10T21:38:19.409Z
HM3JPAIFD3P,Luke's Van,0,0,2026-10-10T21:38:19.409Z
HM3JPAIFD3P,Josh's Van,0,0,2026-10-10T21:38:19.409Z
HM3JPPGA1PO,Yard,14,0,2026-10-10T21:38:19.409Z
HM3JPPGA1PO,Luke's Van,6,0,2026-10-10T21:38:19.409Z
HM3JPPGA1PO,Josh's Van,0,0,2026-10-10T21:38:19.409Z
HM3JPXTKJVH,Yard,0,0,2026-10-10T21:38:19.409Z
HM3JPXTKJVH,Luke's Van,37,0,2026-10-10T21:38:19.409Z
HM3JPXTKJVH,Josh's Van,0,0,2026-10-10T21:38:19.409Z
HM3JQHD7ELU,Yard,13,0,2026-10-10T21:38:19.409Z
HM3JQHD7ELU,Luke's Van,0,0,2026-10-10T21:38:19.409Z
HM3JQHD7ELU,Josh's Van,0,0,2026-10-10T21:38:19.409Z
HM3JR5UHQ9O,Yard,61,0,2026-10-10T21:38:19.409Z
HM3JR5UHQ9O,Luke's Van,0,0,2026-10-10T21:38:19.409Z
HM3JR5UHQ9O,Josh's Van,0,0,2026-10-10T21:38:19.409Z
HM3JSF3Y5RH,Yard,0,0,2026-10-10T21:38:19.409Z
HM3JSF3Y5RH,Luke's Van,2,0,2026-10-10T21:38:19.409Z
HM3JSF3Y5RH,Josh's Van,0,0,2026-10-10T21:38:19.409Z
HM3JT90FCPM,Yard,2,0,2026-10-10T21:38:19.409Z
HM3JT90FCPM,Luke's Van,0,0,2026-10-10T21:38:19.409Z
HM3JT90FCPM,Josh's Van,0,0,2026-10-10T21:38:19.409Z
HM3JTM4D6P7,Yard,2,0,2026-10-10T21:38:19.409Z
HM3JTM4D6P7,Luke's Van,0,0,2026-10-10T21:38:19.409Z
HM3JTM4D6P7,Josh's Van,0,0,2026-10-10T21:38:19.409Z
HM3JTY9DMBA,Yard,0,0,2026-10-10T21:38:19.409Z
HM3JTY9DMBA,Luke's Van,0,0,2026-10-10T21:38:19.409Z
HM3JTY9DMBA,Josh's Van,0,0,2026-10-10T21:38:19.409Z
HM3JU621P6J,Yard,0,0,2026-10-10T21:38:19.409Z
HM3JU621P6J,Luke's Van,0,0,2026-10-10T21:38:19.409Z
HM3JU621P6J,Josh's Van,0,0,2026-10-10T21:38:19.409Z
HM3JV955F9M,Yard,0,0,2026-10-10T21:38:19.409Z
HM3JV955F9M,Luke's Van,0,0,2026-10-10T21:38:19.409Z
HM3JV955F9M,Josh's Van,0,0,2026-10-10T21:38:19.409Z
HM3JVXUQOAC,Yard,4,0,2026-10-10T21:38:19.409Z
HM3JVXUQOAC,Luke's Van,0,0,2026-10-10T21:38:19.409Z
HM3JVXUQOAC,Josh's Van,0,0,2026-10-10T21:38:19.409Z
HM3JWQO3Z6P,Yard,3,0,2026-10-10T21:38:19.409Z
HM3JWQO3Z6P,Luke's Van,5,0,2026-10-10T21:38:19.409Z
HM3JWQO3Z6P,Josh's Van,0,0,2026-10-10T21:38:19.409Z
HM3JX43H8YV,Yard,0,0,2026-10-10T21:38:19.409Z
HM3JX43H8YV,Luke's Van,0,0,2026-10-10T21:38:19.409Z
HM3JX43H8YV,Josh's Van,0,0,2026-10-10T21:38:19.409Z
HM7K0SLBXPJ,Yard,0,0,2026-10-10T21:38:19.409Z
HM7K0SLBXPJ,Luke's Van,0,0,2026-10-10T21:38:19.409Z
HM7K0SLBXPJ,Josh's Van,0,0,2026-10-10T21:38:19.409Z
HM7K0Y4CMXA,Yard,0,0,2026-10-10T21:38:19.409Z
HM7K0Y4CMXA,Luke's Van,0,0,2026-10-10T21:38:19.409Z
HM7K0Y4CMXA,Josh's Van,0,0,2026-10-10T21:38:19.409Z
HM7K0ZXQDSP,Yard,0,0,2026-10-10T21:38:19.409Z
HM7K0ZXQDSP,Luke's Van,0,0,2026-10-10T21:38:19.409Z
HM7K0ZXQDSP,Josh's Van,0,0,2026-10-10T21:38:19.409Z
HM7K1DRABEE,Yard,0,0,2026-10-10T21:38:19.409Z
HM7K1DRABEE,Luke's Van,0,0,2026-10-10T21:38:19.409Z
HM7K1DRABEE,Josh's Van,0,0,2026-10-10T21:38:19.409Z
HM7K1FMH7VS,Yard,0,0,2026-10-10T21:38:19.409Z
HM7K1FMH7VS,Luke's Van,0,0,2026-10-10T21:38:19.409Z
HM7K1FMH7VS,Josh's Van,0,0,2026-10-10T21:38:19.409Z
HM7K1GDEEOF,Yard,0,0,2026-10-10T21:38:19.409Z
HM7K1GDEEOF,Luke's Van,2,0,2026-10-10T21:38:19.409Z
HM7K1GDEEOF,Josh's Van,0,0,2026-10-10T21:38:19.409Z
HM7K1ICMTJJ,Yard,0,0,2026-10-10T21:38:19.409Z
HM7K1ICMTJJ,Luke's Van,0,0,2026-10-10T21:38:19.409Z
HM7K1ICMTJJ,Josh's Van,0,0,2026-10-10T21:38:19.409Z
HM7K1LC256X,Yard,0,0,2026-10-10T21:38:19.409Z
HM7K1LC256X,Luke's Van,0,0,2026-10-10T21:38:19.409Z
HM7K1LC256X,Josh's Van,0,0,2026-10-10T21:38:19.409Z
HM7K1NDV8A7,Yard,0,0,2026-10-10T21:38:19.409Z
HM7K1NDV8A7,Luke's Van,0,0,2026-10-10T21:38:19.409Z
HM7K1NDV8A7,Josh's Van,0,0,2026-10-10T21:38:19.409Z
HM7K1PH0TD5,Yard,0,0,2026-10-10T21:38:19.409Z
HM7K1PH0TD5,Luke's Van,0,0,2026-10-10T21:38:19.409Z
HM7K1PH0TD5,Josh's Van,0,0,2026-10-10T21:38:19.409Z
HM7K1RBUU28,Yard,0,0,2026-10-10T21:38:19.409Z
HM7K1RBUU28,Luke's Van,0,0,2026-10-10T21:38:19.409Z
HM7K1RBUU28,Josh's Van,0,0,2026-10-10T21:38:19.409Z
HM7L8LAHTND,Yard,0,0,2026-10-10T21:38:19.409Z
HM7L8LAHTND,Luke's Van,0,0,2026-10-10T21:38:19.409Z
HM7L8LAHTND,Josh's Van,0,0,2026-10-10T21:38:19.409Z
HM7L8MOTE1Q,Yard,0,0,2026-10-10T21:38:19.409Z
HM7L8MOTE1Q,Luke's Van,0,0,2026-10-10T21:38:19.409Z
HM7L8MOTE1Q,Josh's Van,0,0,2026-10-10T21:38:19.409Z
HM7L8OZJXAN,Yard,0,0,2026-10-10T21:38:19.409Z
HM7L8OZJXAN,Luke's Van,0,0,2026-10-10T21:38:19.409Z
HM7L8OZJXAN,Josh's Van,0,0,2026-10-10T21:38:19.409Z
HM7L8PC0H6X,Yard,0,0,2026-10-10T21:38:19.409Z
HM7L8PC0H6X,Luke's Van,0,0,2026-10-10T21:38:19.409Z
HM7L8PC0H6X,Josh's Van,0,0,2026-10-10T21:38:19.409Z
HM8NPOO53QD,Yard,0,0,2026-10-10T21:38:19.409Z
HM8NPOO53QD,Luke's Van,0,0,2026-10-10T21:38:19.409Z
HM8NPOO53QD,Josh's Van,0,0,2026-10-10T21:38:19.409Z
HMBRHTHWNOB,Yard,0,0,2026-10-10T21:38:19.409Z
HMBRHTHWNOB,Luke's Van,4,0,2026-10-10T21:38:19.409Z
HMBRHTHWNOB,Josh's Van,0,0,2026-10-10T21:38:19.409Z
HMBRI3T5NII,Yard,0,0,2026-10-10T21:38:19.409Z
HMBRI3T5NII,Luke's Van,4,0,2026-10-10T21:38:19.409Z
HMBRI3T5NII,Josh's Van,0,0,2026-10-10T21:38:19.409Z
HMBRIWO7JYU,Yard,0,0,2026-10-10T21:38:19.409Z
HMBRIWO7JYU,Luke's Van,1,0,2026-10-10T21:38:19.409Z
HMBRIWO7JYU,Josh's Van,0,0,2026-10-10T21:38:19.409Z
HMBRJISZTPP,Yard,0,0,2026-10-10T21:38:19.409Z
HMBRJISZTPP,Luke's Van,1,0,2026-10-10T21:38:19.409Z
HMBRJISZTPP,Josh's Van,0,0,2026-10-10T21:38:19.409Z
HMBRKMHBRSS,Yard,0,0,2026-10-10T21:38:19.409Z
HMBRKMHBRSS,Luke's Van,11,0,2026-10-10T21:38:19.409Z
HMBRKMHBRSS,Josh's Van,0,0,2026-10-10T21:38:19.409Z
HMBRKU18W3T,Yard,0,0,2026-10-10T21:38:19.409Z
HMBRKU18W3T,Luke's Van,1,0,2026-10-10T21:38:19.409Z
HMBRKU18W3T,Josh's Van,0,0,2026-10-10T21:38:19.409Z
HMBRLDW0HRM,Yard,0,0,2026-10-10T21:38:19.409Z
HMBRLDW0HRM,Luke's Van,3,0,2026-10-10T21:38:19.409Z
HMBRLDW0HRM,Josh's Van,0,0,2026-10-10T21:38:19.409Z
HMBRPTGRWJN,Yard,10,0,2026-10-10T21:38:19.409Z
HMBRPTGRWJN,Luke's Van,13,0,2026-10-10T21:38:19.409Z
HMBRPTGRWJN,Josh's Van,0,0,2026-10-10T21:38:19.409Z
HMBRR0FE2VH,Yard,0,0,2026-10-10T21:38:19.409Z
HMBRR0FE2VH,Luke's Van,14,0,2026-10-10T21:38:19.409Z
HMBRR0FE2VH,Josh's Van,0,0,2026-10-10T21:38:19.409Z
HMBRRGLTEG8,Yard,0,0,2026-10-10T21:38:19.409Z
HMBRRGLTEG8,Luke's Van,8,0,2026-10-10T21:38:19.409Z
HMBRRGLTEG8,Josh's Van,0,0,2026-10-10T21:38:19.409Z
HMBRRR8FYL6,Yard,0,0,2026-10-10T21:38:19.409Z
HMBRRR8FYL6,Luke's Van,24,0,2026-10-10T21:38:19.409Z
HMBRRR8FYL6,Josh's Van,0,0,2026-10-10T21:38:19.409Z
HMBRS3V6DN6,Yard,0,0,2026-10-10T21:38:19.409Z
HMBRS3V6DN6,Luke's Van,5,0,2026-10-10T21:38:19.409Z
HMBRS3V6DN6,Josh's Van,0,0,2026-10-10T21:38:19.409Z
HMBRSJRJ21O,Yard,0,0,2026-10-10T21:38:19.409Z
HMBRSJRJ21O,Luke's Van,3,0,2026-10-10T21:38:19.409Z
HMBRSJRJ21O,Josh's Van,0,0,2026-10-10T21:38:19.409Z
HMBRT3SXIJ9,Yard,12,0,2026-10-10T21:38:19.409Z
HMBRT3SXIJ9,Luke's Van,2,0,2026-10-10T21:38:19.409Z
HMBRT3SXIJ9,Josh's Van,0,0,2026-10-10T21:38:19.409Z
HMBRTRUAPJT,Yard,5,0,2026-10-10T21:38:19.409Z
HMBRTRUAPJT,Luke's Van,2,0,2026-10-10T21:38:19.409Z
HMBRTRUAPJT,Josh's Van,0,0,2026-10-10T21:38:19.409Z
HMBRVORUIYB,Yard,13,0,2026-10-10T21:38:19.409Z
HMBRVORUIYB,Luke's Van,4,0,2026-10-10T21:38:19.409Z
HMBRVORUIYB,Josh's Van,0,0,2026-10-10T21:38:19.409Z
HMBRW4MDVRK,Yard,3,15,2026-10-10T21:38:19.409Z
HMBRW4MDVRK,Luke's Van,24,15,2026-10-10T21:38:19.409Z
HMBRW4MDVRK,Josh's Van,0,15,2026-10-10T21:38:19.409Z
HMBRWOEA82J,Yard,32,15,2026-10-10T21:38:19.409Z
HMBRWOEA82J,Luke's Van,9,15,2026-10-10T21:38:19.409Z
HMBRWOEA82J,Josh's Van,0,15,2026-10-10T21:38:19.409Z
HMBRX2SV27A,Yard,32,15,2026-10-10T21:38:19.409Z
HMBRX2SV27A,Luke's Van,11,15,2026-10-10T21:38:19.409Z
HMBRX2SV27A,Josh's Van,0,15,2026-10-10T21:38:19.409Z
HMBRXMMPX8B,Yard,5,15,2026-10-10T21:38:19.409Z
HMBRXMMPX8B,Luke's Van,-9,15,2026-10-10T21:38:19.409Z
HMBRXMMPX8B,Josh's Van,0,15,2026-10-10T21:38:19.409Z
HMBRY89MGCB,Yard,0,15,2026-10-10T21:38:19.409Z
HMBRY89MGCB,Luke's Van,14,15,2026-10-10T21:38:19.409Z
HMBRY89MGCB,Josh's Van,0,15,2026-10-10T21:38:19.409Z
HMBRYPDMBZD,Yard,3,10,2026-10-10T21:38:19.409Z
HMBRYPDMBZD,Luke's Van,-2,10,2026-10-10T21:38:19.409Z
HMBRYPDMBZD,Josh's Van,0,10,2026-10-10T21:38:19.409Z
HMBRZGI8YBD,Yard,1,5,2026-10-10T21:38:19.409Z
HMBRZGI8YBD,Luke's Van,13,5,2026-10-10T21:38:19.409Z
HMBRZGI8YBD,Josh's Van,0,5,2026-10-10T21:38:19.409Z
HMCDZM8RMO9,Yard,2,0,2026-10-10T21:38:19.409Z
HMCDZM8RMO9,Luke's Van,0,0,2026-10-10T21:38:19.409Z
HMCDZM8RMO9,Josh's Van,0,0,2026-10-10T21:38:19.409Z
HMCE0B9BFPI,Yard,2,0,2026-10-10T21:38:19.409Z
HMCE0B9BFPI,Luke's Van,0,0,2026-10-10T21:38:19.409Z
HMCE0B9BFPI,Josh's Van,0,0,2026-10-10T21:38:19.409Z
HMCE2HRTY1T,Yard,30,0,2026-10-10T21:38:19.409Z
HMCE2HRTY1T,Luke's Van,0,0,2026-10-10T21:38:19.409Z
HMCE2HRTY1T,Josh's Van,0,0,2026-10-10T21:38:19.409Z
HMCE3E0ERRY,Yard,20,0,2026-10-10T21:38:19.409Z
HMCE3E0ERRY,Luke's Van,0,0,2026-10-10T21:38:19.409Z
HMCE3E0ERRY,Josh's Van,0,0,2026-10-10T21:38:19.409Z
HMCE4Q40OD5,Yard,1,0,2026-10-10T21:38:19.409Z
HMCE4Q40OD5,Luke's Van,0,0,2026-10-10T21:38:19.409Z
HMCE4Q40OD5,Josh's Van,0,0,2026-10-10T21:38:19.409Z
HMCE5ZCYE6R,Yard,0,0,2026-10-10T21:38:19.409Z
HMCE5ZCYE6R,Luke's Van,642,0,2026-10-10T21:38:19.409Z
HMCE5ZCYE6R,Josh's Van,0,0,2026-10-10T21:38:19.409Z
HMCMCREVN5F,Yard,0,0,2026-10-10T21:38:19.409Z
HMCMCREVN5F,Luke's Van,0,0,2026-10-10T21:38:19.409Z
HMCMCREVN5F,Josh's Van,0,0,2026-10-10T21:38:19.409Z
HMCZGAH8JU6,Yard,0,0,2026-10-10T21:38:19.409Z
HMCZGAH8JU6,Luke's Van,0,0,2026-10-10T21:38:19.409Z
HMCZGAH8JU6,Josh's Van,0,0,2026-10-10T21:38:19.409Z
HMD7XWA3GSY,Yard,0,0,2026-10-10T21:38:19.409Z
HMD7XWA3GSY,Luke's Van,65,0,2026-10-10T21:38:19.409Z
HMD7XWA3GSY,Josh's Van,0,0,2026-10-10T21:38:19.409Z
HMD806C3NQL,Yard,100,0,2026-10-10T21:38:19.409Z
HMD806C3NQL,Luke's Van,40,0,2026-10-10T21:38:19.409Z
HMD806C3NQL,Josh's Van,0,0,2026-10-10T21:38:19.409Z
HMD817O3I45,Yard,0,0,2026-10-10T21:38:19.409Z
HMD817O3I45,Luke's Van,148,0,2026-10-10T21:38:19.409Z
HMD817O3I45,Josh's Van,0,0,2026-10-10T21:38:19.409Z
HMD81JKPO6J,Yard,0,0,2026-10-10T21:38:19.409Z
HMD81JKPO6J,Luke's Van,54,0,2026-10-10T21:38:19.409Z
HMD81JKPO6J,Josh's Van,0,0,2026-10-10T21:38:19.409Z
HMD81YLYQKB,Yard,0,0,2026-10-10T21:38:19.409Z
HMD81YLYQKB,Luke's Van,50,0,2026-10-10T21:38:19.409Z
HMD81YLYQKB,Josh's Van,0,0,2026-10-10T21:38:19.409Z
HMD85L7GU47,Yard,0,0,2026-10-10T21:38:19.409Z
HMD85L7GU47,Luke's Van,4,0,2026-10-10T21:38:19.409Z
HMD85L7GU47,Josh's Van,0,0,2026-10-10T21:38:19.409Z
HMD862G6ZLV,Yard,4,0,2026-10-10T21:38:19.409Z
HMD862G6ZLV,Luke's Van,0,0,2026-10-10T21:38:19.409Z
HMD862G6ZLV,Josh's Van,0,0,2026-10-10T21:38:19.409Z
HMD8CZTZH1H,Yard,11,0,2026-10-10T21:38:19.409Z
HMD8CZTZH1H,Luke's Van,0,0,2026-10-10T21:38:19.409Z
HMD8CZTZH1H,Josh's Van,0,0,2026-10-10T21:38:19.409Z
HMD8G72EQ27,Yard,5,0,2026-10-10T21:38:19.409Z
HMD8G72EQ27,Luke's Van,10,0,2026-10-10T21:38:19.409Z
HMD8G72EQ27,Josh's Van,0,0,2026-10-10T21:38:19.409Z
HMD8RKNZGFL,Yard,0,0,2026-10-10T21:38:19.409Z
HMD8RKNZGFL,Luke's Van,11,0,2026-10-10T21:38:19.409Z
HMD8RKNZGFL,Josh's Van,0,0,2026-10-10T21:38:19.409Z
HMD9513R7ZS,Yard,30,0,2026-10-10T21:38:19.409Z
HMD9513R7ZS,Luke's Van,11,0,2026-10-10T21:38:19.409Z
HMD9513R7ZS,Josh's Van,0,0,2026-10-10T21:38:19.409Z
HMD95WTZRZE,Yard,16,0,2026-10-10T21:38:19.409Z
HMD95WTZRZE,Luke's Van,6,0,2026-10-10T21:38:19.409Z
HMD95WTZRZE,Josh's Van,0,0,2026-10-10T21:38:19.409Z
HMD971NUCXB,Yard,7,0,2026-10-10T21:38:19.409Z
HMD971NUCXB,Luke's Van,12,0,2026-10-10T21:38:19.409Z
HMD971NUCXB,Josh's Van,0,0,2026-10-10T21:38:19.409Z
HMD97M6IC0X,Yard,17,0,2026-10-10T21:38:19.409Z
HMD97M6IC0X,Luke's Van,6,0,2026-10-10T21:38:19.409Z
HMD97M6IC0X,Josh's Van,0,0,2026-10-10T21:38:19.409Z
HMD988NB5XU,Yard,26,0,2026-10-10T21:38:19.409Z
HMD988NB5XU,Luke's Van,2,0,2026-10-10T21:38:19.409Z
HMD988NB5XU,Josh's Van,0,0,2026-10-10T21:38:19.409Z
HMD98VROAQY,Yard,1,0,2026-10-10T21:38:19.409Z
HMD98VROAQY,Luke's Van,0,0,2026-10-10T21:38:19.409Z
HMD98VROAQY,Josh's Van,0,0,2026-10-10T21:38:19.409Z
HMD99COLSKB,Yard,0,0,2026-10-10T21:38:19.409Z
HMD99COLSKB,Luke's Van,0,0,2026-10-10T21:38:19.409Z
HMD99COLSKB,Josh's Van,0,0,2026-10-10T21:38:19.409Z
HMD9AQ645UF,Yard,4,0,2026-10-10T21:38:19.409Z
HMD9AQ645UF,Luke's Van,0,0,2026-10-10T21:38:19.409Z
HMD9AQ645UF,Josh's Van,0,0,2026-10-10T21:38:19.409Z
HMD9I2QRI18,Yard,8,0,2026-10-10T21:38:19.409Z
HMD9I2QRI18,Luke's Van,0,0,2026-10-10T21:38:19.409Z
HMD9I2QRI18,Josh's Van,0,0,2026-10-10T21:38:19.409Z
HMD9JOJVFRI,Yard,6,0,2026-10-10T21:38:19.409Z
HMD9JOJVFRI,Luke's Van,0,0,2026-10-10T21:38:19.409Z
HMD9JOJVFRI,Josh's Van,0,0,2026-10-10T21:38:19.409Z
HMD9PEAEQPE,Yard,26,0,2026-10-10T21:38:19.409Z
HMD9PEAEQPE,Luke's Van,-5,0,2026-10-10T21:38:19.409Z
HMD9PEAEQPE,Josh's Van,0,0,2026-10-10T21:38:19.409Z
HMDA0047O4K,Yard,6,0,2026-10-10T21:38:19.409Z
HMDA0047O4K,Luke's Van,46,0,2026-10-10T21:38:19.409Z
HMDA0047O4K,Josh's Van,0,0,2026-10-10T21:38:19.409Z
HMDA3K1G01K,Yard,4,0,2026-10-10T21:38:19.409Z
HMDA3K1G01K,Luke's Van,0,0,2026-10-10T21:38:19.409Z
HMDA3K1G01K,Josh's Van,0,0,2026-10-10T21:38:19.409Z
HMDA85QB8SJ,Yard,2,0,2026-10-10T21:38:19.409Z
HMDA85QB8SJ,Luke's Van,0,0,2026-10-10T21:38:19.409Z
HMDA85QB8SJ,Josh's Van,0,0,2026-10-10T21:38:19.409Z
HMENR8SEMNR,Yard,5,0,2026-10-10T21:38:19.409Z
HMENR8SEMNR,Luke's Van,0,0,2026-10-10T21:38:19.409Z
HMENR8SEMNR,Josh's Van,0,0,2026-10-10T21:38:19.409Z
HMENTS6R3GQ,Yard,0,0,2026-10-10T21:38:19.409Z
HMENTS6R3GQ,Luke's Van,0,0,2026-10-10T21:38:19.409Z
HMENTS6R3GQ,Josh's Van,0,0,2026-10-10T21:38:19.409Z
HMENXZKVJY5,Yard,20,0,2026-10-10T21:38:19.409Z
HMENXZKVJY5,Luke's Van,0,0,2026-10-10T21:38:19.409Z
HMENXZKVJY5,Josh's Van,0,0,2026-10-10T21:38:19.409Z
HMENYKRRDNN,Yard,9,0,2026-10-10T21:38:19.409Z
HMENYKRRDNN,Luke's Van,0,0,2026-10-10T21:38:19.409Z
HMENYKRRDNN,Josh's Van,0,0,2026-10-10T21:38:19.409Z
HMENZ7BF8YZ,Yard,2,0,2026-10-10T21:38:19.409Z
HMENZ7BF8YZ,Luke's Van,0,0,2026-10-10T21:38:19.409Z
HMENZ7BF8YZ,Josh's Van,0,0,2026-10-10T21:38:19.409Z
HMENZLILTPH,Yard,2,0,2026-10-10T21:38:19.409Z
HMENZLILTPH,Luke's Van,0,0,2026-10-10T21:38:19.409Z
HMENZLILTPH,Josh's Van,0,0,2026-10-10T21:38:19.409Z
HMEO02WKMBS,Yard,18,0,2026-10-10T21:38:19.409Z
HMEO02WKMBS,Luke's Van,0,0,2026-10-10T21:38:19.409Z
HMEO02WKMBS,Josh's Van,0,0,2026-10-10T21:38:19.409Z
HMEO0HPT9T2,Yard,1,0,2026-10-10T21:38:19.409Z
HMEO0HPT9T2,Luke's Van,0,0,2026-10-10T21:38:19.409Z
HMEO0HPT9T2,Josh's Van,0,0,2026-10-10T21:38:19.409Z
HMEO1KEP9B7,Yard,4,0,2026-10-10T21:38:19.409Z
HMEO1KEP9B7,Luke's Van,0,0,2026-10-10T21:38:19.409Z
HMEO1KEP9B7,Josh's Van,0,0,2026-10-10T21:38:19.409Z
HMEO2DL7V39,Yard,25,0,2026-10-10T21:38:19.409Z
HMEO2DL7V39,Luke's Van,0,0,2026-10-10T21:38:19.409Z
HMEO2DL7V39,Josh's Van,0,0,2026-10-10T21:38:19.409Z
HMEO2ST7FPU,Yard,2,0,2026-10-10T21:38:19.409Z
HMEO2ST7FPU,Luke's Van,0,0,2026-10-10T21:38:19.409Z
HMEO2ST7FPU,Josh's Van,0,0,2026-10-10T21:38:19.409Z
HMEO3A0HEIP,Yard,4,0,2026-10-10T21:38:19.409Z
HMEO3A0HEIP,Luke's Van,0,0,2026-10-10T21:38:19.409Z
HMEO3A0HEIP,Josh's Van,0,0,2026-10-10T21:38:19.409Z
HMEO3MD9TF7,Yard,6,0,2026-10-10T21:38:19.409Z
HMEO3MD9TF7,Luke's Van,0,0,2026-10-10T21:38:19.409Z
HMEO3MD9TF7,Josh's Van,0,0,2026-10-10T21:38:19.409Z
HMEO41PP1ZA,Yard,0,0,2026-10-10T21:38:19.409Z
HMEO41PP1ZA,Luke's Van,-1,0,2026-10-10T21:38:19.409Z
HMEO41PP1ZA,Josh's Van,0,0,2026-10-10T21:38:19.409Z
HMEO4DCH8LP,Yard,3,0,2026-10-10T21:38:19.409Z
HMEO4DCH8LP,Luke's Van,0,0,2026-10-10T21:38:19.409Z
HMEO4DCH8LP,Josh's Van,0,0,2026-10-10T21:38:19.409Z
HMEO4TSHAW9,Yard,31,0,2026-10-10T21:38:19.409Z
HMEO4TSHAW9,Luke's Van,0,0,2026-10-10T21:38:19.409Z
HMEO4TSHAW9,Josh's Van,0,0,2026-10-10T21:38:19.409Z
HMEO58NTN0R,Yard,2,0,2026-10-10T21:38:19.409Z
HMEO58NTN0R,Luke's Van,0,0,2026-10-10T21:38:19.409Z
HMEO58NTN0R,Josh's Van,0,0,2026-10-10T21:38:19.409Z
HMEO5J2XQLD,Yard,4,0,2026-10-10T21:38:19.409Z
HMEO5J2XQLD,Luke's Van,0,0,2026-10-10T21:38:19.409Z
HMEO5J2XQLD,Josh's Van,0,0,2026-10-10T21:38:19.409Z
HMEO5U3PB7H,Yard,21,0,2026-10-10T21:38:19.409Z
HMEO5U3PB7H,Luke's Van,0,0,2026-10-10T21:38:19.409Z
HMEO5U3PB7H,Josh's Van,0,0,2026-10-10T21:38:19.409Z
HMEO676HZ2W,Yard,13,0,2026-10-10T21:38:19.409Z
HMEO676HZ2W,Luke's Van,0,0,2026-10-10T21:38:19.409Z
HMEO676HZ2W,Josh's Van,0,0,2026-10-10T21:38:19.409Z
HMEO6HKHJEP,Yard,67,0,2026-10-10T21:38:19.409Z
HMEO6HKHJEP,Luke's Van,10,0,2026-10-10T21:38:19.409Z
HMEO6HKHJEP,Josh's Van,0,0,2026-10-10T21:38:19.409Z
HMEOFIV4MZC,Yard,41,0,2026-10-10T21:38:19.409Z
HMEOFIV4MZC,Luke's Van,4,0,2026-10-10T21:38:19.409Z
HMEOFIV4MZC,Josh's Van,0,0,2026-10-10T21:38:19.409Z
HMEOJMLTHIQ,Yard,2,0,2026-10-10T21:38:19.409Z
HMEOJMLTHIQ,Luke's Van,0,0,2026-10-10T21:38:19.409Z
HMEOJMLTHIQ,Josh's Van,0,0,2026-10-10T21:38:19.409Z
HMEOKZDDZV4,Yard,0,0,2026-10-10T21:38:19.409Z
HMEOKZDDZV4,Luke's Van,11,0,2026-10-10T21:38:19.409Z
HMEOKZDDZV4,Josh's Van,0,0,2026-10-10T21:38:19.409Z
HMEOMNC6LHF,Yard,0,0,2026-10-10T21:38:19.409Z
HMEOMNC6LHF,Luke's Van,1,0,2026-10-10T21:38:19.409Z
HMEOMNC6LHF,Josh's Van,0,0,2026-10-10T21:38:19.409Z
HMEONKMS5YV,Yard,12,0,2026-10-10T21:38:19.409Z
HMEONKMS5YV,Luke's Van,0,0,2026-10-10T21:38:19.409Z
HMEONKMS5YV,Josh's Van,0,0,2026-10-10T21:38:19.409Z
HMEOPUBWJAP,Yard,1,0,2026-10-10T21:38:19.409Z
HMEOPUBWJAP,Luke's Van,0,0,2026-10-10T21:38:19.409Z
HMEOPUBWJAP,Josh's Van,0,0,2026-10-10T21:38:19.409Z
HMEOSO8MWQE,Yard,1,0,2026-10-10T21:38:19.409Z
HMEOSO8MWQE,Luke's Van,0,0,2026-10-10T21:38:19.409Z
HMEOSO8MWQE,Josh's Van,0,0,2026-10-10T21:38:19.409Z
HMEOT71YB6Q,Yard,3,0,2026-10-10T21:38:19.409Z
HMEOT71YB6Q,Luke's Van,0,0,2026-10-10T21:38:19.409Z
HMEOT71YB6Q,Josh's Van,0,0,2026-10-10T21:38:19.409Z
HMEOTSHM0UL,Yard,2,0,2026-10-10T21:38:19.409Z
HMEOTSHM0UL,Luke's Van,0,0,2026-10-10T21:38:19.409Z
HMEOTSHM0UL,Josh's Van,0,0,2026-10-10T21:38:19.409Z
HMEOU8UOPEU,Yard,1,0,2026-10-10T21:38:19.409Z
HMEOU8UOPEU,Luke's Van,0,0,2026-10-10T21:38:19.409Z
HMEOU8UOPEU,Josh's Van,0,0,2026-10-10T21:38:19.409Z
HMEOUOQKQK9,Yard,2,0,2026-10-10T21:38:19.409Z
HMEOUOQKQK9,Luke's Van,0,0,2026-10-10T21:38:19.409Z
HMEOUOQKQK9,Josh's Van,0,0,2026-10-10T21:38:19.409Z
HMEOZRQST88,Yard,2,0,2026-10-10T21:38:19.409Z
HMEOZRQST88,Luke's Van,-1,0,2026-10-10T21:38:19.409Z
HMEOZRQST88,Josh's Van,0,0,2026-10-10T21:38:19.409Z
HMEP0D4WQUZ,Yard,1,0,2026-10-10T21:38:19.409Z
HMEP0D4WQUZ,Luke's Van,0,0,2026-10-10T21:38:19.409Z
HMEP0D4WQUZ,Josh's Van,0,0,2026-10-10T21:38:19.409Z
HMEP0Q1MPNJ,Yard,1,0,2026-10-10T21:38:19.409Z
HMEP0Q1MPNJ,Luke's Van,1,0,2026-10-10T21:38:19.409Z
HMEP0Q1MPNJ,Josh's Van,0,0,2026-10-10T21:38:19.409Z
HMEP3QR5VNH,Yard,2,0,2026-10-10T21:38:19.409Z
HMEP3QR5VNH,Luke's Van,0,0,2026-10-10T21:38:19.409Z
HMEP3QR5VNH,Josh's Van,0,0,2026-10-10T21:38:19.409Z
HMEQ9HPIA7B,Yard,0,0,2026-10-10T21:38:19.409Z
HMEQ9HPIA7B,Luke's Van,1,0,2026-10-10T21:38:19.409Z
HMEQ9HPIA7B,Josh's Van,0,0,2026-10-10T21:38:19.409Z
HMEQA2SBN16,Yard,0,0,2026-10-10T21:38:19.409Z
HMEQA2SBN16,Luke's Van,2,0,2026-10-10T21:38:19.409Z
HMEQA2SBN16,Josh's Van,0,0,2026-10-10T21:38:19.409Z
HMEQADFGI9U,Yard,0,0,2026-10-10T21:38:19.409Z
HMEQADFGI9U,Luke's Van,1,0,2026-10-10T21:38:19.409Z
HMEQADFGI9U,Josh's Van,0,0,2026-10-10T21:38:19.409Z
HMEQAT3L9GG,Yard,0,0,2026-10-10T21:38:19.409Z
HMEQAT3L9GG,Luke's Van,2,0,2026-10-10T21:38:19.409Z
HMEQAT3L9GG,Josh's Van,0,0,2026-10-10T21:38:19.409Z
HMEQB6Y071L,Yard,0,0,2026-10-10T21:38:19.409Z
HMEQB6Y071L,Luke's Van,1,0,2026-10-10T21:38:19.409Z
HMEQB6Y071L,Josh's Van,0,0,2026-10-10T21:38:19.409Z
HMEQDJACIDJ,Yard,12,0,2026-10-10T21:38:19.409Z
HMEQDJACIDJ,Luke's Van,0,0,2026-10-10T21:38:19.409Z
HMEQDJACIDJ,Josh's Van,0,0,2026-10-10T21:38:19.409Z
HMEQE0SMWQK,Yard,0,0,2026-10-10T21:38:19.409Z
HMEQE0SMWQK,Luke's Van,6,0,2026-10-10T21:38:19.409Z
HMEQE0SMWQK,Josh's Van,0,0,2026-10-10T21:38:19.409Z
HMEQEI8K17X,Yard,0,0,2026-10-10T21:38:19.409Z
HMEQEI8K17X,Luke's Van,8,0,2026-10-10T21:38:19.409Z
HMEQEI8K17X,Josh's Van,0,0,2026-10-10T21:38:19.409Z
HMEQF6ZNWYC,Yard,0,0,2026-10-10T21:38:19.409Z
HMEQF6ZNWYC,Luke's Van,10,0,2026-10-10T21:38:19.409Z
HMEQF6ZNWYC,Josh's Van,0,0,2026-10-10T21:38:19.409Z
HMEQHLPNSY3,Yard,0,0,2026-10-10T21:38:19.409Z
HMEQHLPNSY3,Luke's Van,7,0,2026-10-10T21:38:19.409Z
HMEQHLPNSY3,Josh's Van,0,0,2026-10-10T21:38:19.409Z
HMEQI0XPWJ7,Yard,0,0,2026-10-10T21:38:19.409Z
HMEQI0XPWJ7,Luke's Van,4,0,2026-10-10T21:38:19.409Z
HMEQI0XPWJ7,Josh's Van,0,0,2026-10-10T21:38:19.409Z
HMEQIZW3ME5,Yard,0,0,2026-10-10T21:38:19.409Z
HMEQIZW3ME5,Luke's Van,2,0,2026-10-10T21:38:19.409Z
HMEQIZW3ME5,Josh's Van,0,0,2026-10-10T21:38:19.409Z
HMEQJQ3Q0LT,Yard,0,0,2026-10-10T21:38:19.409Z
HMEQJQ3Q0LT,Luke's Van,7,0,2026-10-10T21:38:19.409Z
HMEQJQ3Q0LT,Josh's Van,0,0,2026-10-10T21:38:19.409Z
HMEQP56F0PD,Yard,3,0,2026-10-10T21:38:19.409Z
HMEQP56F0PD,Luke's Van,1,0,2026-10-10T21:38:19.409Z
HMEQP56F0PD,Josh's Van,0,0,2026-10-10T21:38:19.409Z
HMEQR5QZOAM,Yard,0,0,2026-10-10T21:38:19.409Z
HMEQR5QZOAM,Luke's Van,12,0,2026-10-10T21:38:19.409Z
HMEQR5QZOAM,Josh's Van,0,0,2026-10-10T21:38:19.409Z
HMEQRO6ZETJ,Yard,2,0,2026-10-10T21:38:19.409Z
HMEQRO6ZETJ,Luke's Van,2,0,2026-10-10T21:38:19.409Z
HMEQRO6ZETJ,Josh's Van,0,0,2026-10-10T21:38:19.409Z
HMEQT9AP7XB,Yard,0,0,2026-10-10T21:38:19.409Z
HMEQT9AP7XB,Luke's Van,8,0,2026-10-10T21:38:19.409Z
HMEQT9AP7XB,Josh's Van,0,0,2026-10-10T21:38:19.409Z
HMEQU2C1FGM,Yard,0,0,2026-10-10T21:38:19.409Z
HMEQU2C1FGM,Luke's Van,4,0,2026-10-10T21:38:19.409Z
HMEQU2C1FGM,Josh's Van,0,0,2026-10-10T21:38:19.409Z
HMEQUL1V355,Yard,0,0,2026-10-10T21:38:19.409Z
HMEQUL1V355,Luke's Van,8,0,2026-10-10T21:38:19.409Z
HMEQUL1V355,Josh's Van,0,0,2026-10-10T21:38:19.409Z
HMEQUXKLRUA,Yard,0,0,2026-10-10T21:38:19.409Z
HMEQUXKLRUA,Luke's Van,4,0,2026-10-10T21:38:19.409Z
HMEQUXKLRUA,Josh's Van,0,0,2026-10-10T21:38:19.409Z
HMEQW9U9ASS,Yard,0,0,2026-10-10T21:38:19.409Z
HMEQW9U9ASS,Luke's Van,47,0,2026-10-10T21:38:19.409Z
HMEQW9U9ASS,Josh's Van,0,0,2026-10-10T21:38:19.409Z
HMEQWS210HS,Yard,0,0,2026-10-10T21:38:19.409Z
HMEQWS210HS,Luke's Van,46,0,2026-10-10T21:38:19.409Z
HMEQWS210HS,Josh's Van,0,0,2026-10-10T21:38:19.409Z
HMEQXAPN0YR,Yard,0,0,2026-10-10T21:38:19.409Z
HMEQXAPN0YR,Luke's Van,22,0,2026-10-10T21:38:19.409Z
HMEQXAPN0YR,Josh's Van,0,0,2026-10-10T21:38:19.409Z
HMERB11YHTB,Yard,0,0,2026-10-10T21:38:19.409Z
HMERB11YHTB,Luke's Van,2,0,2026-10-10T21:38:19.409Z
HMERB11YHTB,Josh's Van,0,0,2026-10-10T21:38:19.409Z
HMERC1J0X6K,Yard,0,0,2026-10-10T21:38:19.409Z
HMERC1J0X6K,Luke's Van,3,0,2026-10-10T21:38:19.409Z
HMERC1J0X6K,Josh's Van,0,0,2026-10-10T21:38:19.409Z
HMERCEOQUDR,Yard,0,0,2026-10-10T21:38:19.409Z
HMERCEOQUDR,Luke's Van,1,0,2026-10-10T21:38:19.409Z
HMERCEOQUDR,Josh's Van,0,0,2026-10-10T21:38:19.409Z
HMERCS3SGZP,Yard,0,0,2026-10-10T21:38:19.409Z
HMERCS3SGZP,Luke's Van,1,0,2026-10-10T21:38:19.409Z
HMERCS3SGZP,Josh's Van,0,0,2026-10-10T21:38:19.409Z
HMERD7XK1M7,Yard,0,0,2026-10-10T21:38:19.409Z
HMERD7XK1M7,Luke's Van,1,0,2026-10-10T21:38:19.409Z
HMERD7XK1M7,Josh's Van,0,0,2026-10-10T21:38:19.409Z
HMERDJAGVUX,Yard,0,0,2026-10-10T21:38:19.409Z
HMERDJAGVUX,Luke's Van,3,0,2026-10-10T21:38:19.409Z
HMERDJAGVUX,Josh's Van,0,0,2026-10-10T21:38:19.409Z
HMERDZM4TLS,Yard,0,0,2026-10-10T21:38:19.409Z
HMERDZM4TLS,Luke's Van,2,0,2026-10-10T21:38:19.409Z
HMERDZM4TLS,Josh's Van,0,0,2026-10-10T21:38:19.409Z
HMEREIAS0F1,Yard,0,0,2026-10-10T21:38:19.409Z
HMEREIAS0F1,Luke's Van,1,0,2026-10-10T21:38:19.409Z
HMEREIAS0F1,Josh's Van,0,0,2026-10-10T21:38:19.409Z
HMEREX0C1OH,Yard,0,0,2026-10-10T21:38:19.409Z
HMEREX0C1OH,Luke's Van,1,0,2026-10-10T21:38:19.409Z
HMEREX0C1OH,Josh's Van,0,0,2026-10-10T21:38:19.409Z
HMERFD0SZ96,Yard,0,0,2026-10-10T21:38:19.409Z
HMERFD0SZ96,Luke's Van,40,0,2026-10-10T21:38:19.409Z
HMERFD0SZ96,Josh's Van,0,0,2026-10-10T21:38:19.409Z
HMERFQISRYY,Yard,0,0,2026-10-10T21:38:19.409Z
HMERFQISRYY,Luke's Van,6,0,2026-10-10T21:38:19.409Z
HMERFQISRYY,Josh's Van,0,0,2026-10-10T21:38:19.409Z
HMERIG1GEGO,Yard,0,0,2026-10-10T21:38:19.409Z
HMERIG1GEGO,Luke's Van,17,0,2026-10-10T21:38:19.409Z
HMERIG1GEGO,Josh's Van,0,0,2026-10-10T21:38:19.409Z
HMERIZRS5UQ,Yard,0,0,2026-10-10T21:38:19.409Z
HMERIZRS5UQ,Luke's Van,7,0,2026-10-10T21:38:19.409Z
HMERIZRS5UQ,Josh's Van,0,0,2026-10-10T21:38:19.409Z
HMERJK3USCV,Yard,0,0,2026-10-10T21:38:19.409Z
HMERJK3USCV,Luke's Van,21,0,2026-10-10T21:38:19.409Z
HMERJK3USCV,Josh's Van,0,0,2026-10-10T21:38:19.409Z
HMERKCWUJ4J,Yard,0,0,2026-10-10T21:38:19.409Z
HMERKCWUJ4J,Luke's Van,23,0,2026-10-10T21:38:19.409Z
HMERKCWUJ4J,Josh's Van,0,0,2026-10-10T21:38:19.409Z
HMERKSYYNM6,Yard,0,0,2026-10-10T21:38:19.409Z
HMERKSYYNM6,Luke's Van,18,0,2026-10-10T21:38:19.409Z
HMERKSYYNM6,Josh's Van,0,0,2026-10-10T21:38:19.409Z
HMERV06NGCJ,Yard,1,0,2026-10-10T21:38:19.409Z
HMERV06NGCJ,Luke's Van,0,0,2026-10-10T21:38:19.409Z
HMERV06NGCJ,Josh's Van,0,0,2026-10-10T21:38:19.409Z
HMERVPAPML4,Yard,1,0,2026-10-10T21:38:19.409Z
HMERVPAPML4,Luke's Van,0,0,2026-10-10T21:38:19.409Z
HMERVPAPML4,Josh's Van,0,0,2026-10-10T21:38:19.409Z
HMERX0ORLL3,Yard,1,0,2026-10-10T21:38:19.409Z
HMERX0ORLL3,Luke's Van,0,0,2026-10-10T21:38:19.409Z
HMERX0ORLL3,Josh's Van,0,0,2026-10-10T21:38:19.409Z
HMERY141PYZ,Yard,2,0,2026-10-10T21:38:19.409Z
HMERY141PYZ,Luke's Van,0,0,2026-10-10T21:38:19.409Z
HMERY141PYZ,Josh's Van,0,0,2026-10-10T21:38:19.409Z
HMERYGXBZ28,Yard,2,0,2026-10-10T21:38:19.409Z
HMERYGXBZ28,Luke's Van,0,0,2026-10-10T21:38:19.409Z
HMERYGXBZ28,Josh's Van,0,0,2026-10-10T21:38:19.409Z
HMERZ7IFGC1,Yard,4,0,2026-10-10T21:38:19.409Z
HMERZ7IFGC1,Luke's Van,0,0,2026-10-10T21:38:19.409Z
HMERZ7IFGC1,Josh's Van,0,0,2026-10-10T21:38:19.409Z
HMERZXKL0HP,Yard,3,0,2026-10-10T21:38:19.409Z
HMERZXKL0HP,Luke's Van,0,0,2026-10-10T21:38:19.409Z
HMERZXKL0HP,Josh's Van,0,0,2026-10-10T21:38:19.409Z
HMES0N7L27D,Yard,1,0,2026-10-10T21:38:19.409Z
HMES0N7L27D,Luke's Van,0,0,2026-10-10T21:38:19.409Z
HMES0N7L27D,Josh's Van,0,0,2026-10-10T21:38:19.409Z
HMES6L251ZV,Yard,1,0,2026-10-10T21:38:19.409Z
HMES6L251ZV,Luke's Van,0,0,2026-10-10T21:38:19.409Z
HMES6L251ZV,Josh's Van,0,0,2026-10-10T21:38:19.409Z
HMFI75I6YIA,Yard,0,0,2026-10-10T21:38:19.409Z
HMFI75I6YIA,Luke's Van,0,0,2026-10-10T21:38:19.409Z
HMFI75I6YIA,Josh's Van,0,0,2026-10-10T21:38:19.409Z
HMFVESIWPFP,Yard,0,0,2026-10-10T21:38:19.409Z
HMFVESIWPFP,Luke's Van,5,0,2026-10-10T21:38:19.409Z
HMFVESIWPFP,Josh's Van,0,0,2026-10-10T21:38:19.409Z
HMOGPRA3W6X,Yard,0,0,2026-10-10T21:38:19.409Z
HMOGPRA3W6X,Luke's Van,0,0,2026-10-10T21:38:19.409Z
HMOGPRA3W6X,Josh's Van,0,0,2026-10-10T21:38:19.409Z
HMOGW9K5R7A,Yard,0,0,2026-10-10T21:38:19.409Z
HMOGW9K5R7A,Luke's Van,0,0,2026-10-10T21:38:19.409Z
HMOGW9K5R7A,Josh's Van,0,0,2026-10-10T21:38:19.409Z
HMOGZIU3UU5,Yard,0,0,2026-10-10T21:38:19.409Z
HMOGZIU3UU5,Luke's Van,1,0,2026-10-10T21:38:19.409Z
HMOGZIU3UU5,Josh's Van,0,0,2026-10-10T21:38:19.409Z
HMQPH1LXICE,Yard,0,0,2026-10-10T21:38:19.409Z
HMQPH1LXICE,Luke's Van,10,0,2026-10-10T21:38:19.409Z
HMQPH1LXICE,Josh's Van,0,0,2026-10-10T21:38:19.409Z
HMQPM41US4G,Yard,0,0,2026-10-10T21:38:19.409Z
HMQPM41US4G,Luke's Van,1,0,2026-10-10T21:38:19.409Z
HMQPM41US4G,Josh's Van,0,0,2026-10-10T21:38:19.409Z
HMQPRYPB9UB,Yard,0,0,2026-10-10T21:38:19.409Z
HMQPRYPB9UB,Luke's Van,6,0,2026-10-10T21:38:19.409Z
HMQPRYPB9UB,Josh's Van,0,0,2026-10-10T21:38:19.409Z
HMSJJT4KKH7,Yard,0,0,2026-10-10T21:38:19.409Z
HMSJJT4KKH7,Luke's Van,0,0,2026-10-10T21:38:19.409Z
HMSJJT4KKH7,Josh's Van,0,0,2026-10-10T21:38:19.409Z
HMSJJTFJ8JT,Yard,0,0,2026-10-10T21:38:19.409Z
HMSJJTFJ8JT,Luke's Van,0,0,2026-10-10T21:38:19.409Z
HMSJJTFJ8JT,Josh's Van,0,0,2026-10-10T21:38:19.409Z
HMSJJTQUW5B,Yard,0,0,2026-10-10T21:38:19.409Z
HMSJJTQUW5B,Luke's Van,0,0,2026-10-10T21:38:19.409Z
HMSJJTQUW5B,Josh's Van,0,0,2026-10-10T21:38:19.409Z
HMSJJUFYVTA,Yard,0,0,2026-10-10T21:38:19.409Z
HMSJJUFYVTA,Luke's Van,0,0,2026-10-10T21:38:19.409Z
HMSJJUFYVTA,Josh's Van,0,0,2026-10-10T21:38:19.409Z
HMSJJUSEN5L,Yard,0,0,2026-10-10T21:38:19.409Z
HMSJJUSEN5L,Luke's Van,0,0,2026-10-10T21:38:19.409Z
HMSJJUSEN5L,Josh's Van,0,0,2026-10-10T21:38:19.409Z
HMSJJV3MN8B,Yard,0,0,2026-10-10T21:38:19.409Z
HMSJJV3MN8B,Luke's Van,0,0,2026-10-10T21:38:19.409Z
HMSJJV3MN8B,Josh's Van,0,0,2026-10-10T21:38:19.409Z
HMSWW0OWGKC,Yard,0,0,2026-10-10T21:38:19.409Z
HMSWW0OWGKC,Luke's Van,-1,0,2026-10-10T21:38:19.409Z
HMSWW0OWGKC,Josh's Van,0,0,2026-10-10T21:38:19.409Z
HMT0UW7LEHR,Yard,0,0,2026-10-10T21:38:19.409Z
HMT0UW7LEHR,Luke's Van,1,0,2026-10-10T21:38:19.409Z
HMT0UW7LEHR,Josh's Van,0,0,2026-10-10T21:38:19.409Z
HMT0WWNGURN,Yard,0,0,2026-10-10T21:38:19.409Z
HMT0WWNGURN,Luke's Van,1,0,2026-10-10T21:38:19.409Z
HMT0WWNGURN,Josh's Van,0,0,2026-10-10T21:38:19.409Z
HMT0XWGAGDB,Yard,0,0,2026-10-10T21:38:19.409Z
HMT0XWGAGDB,Luke's Van,1,0,2026-10-10T21:38:19.409Z
HMT0XWGAGDB,Josh's Van,0,0,2026-10-10T21:38:19.409Z
HMTSW85VA3S,Yard,0,0,2026-10-10T21:38:19.409Z
HMTSW85VA3S,Luke's Van,3,0,2026-10-10T21:38:19.409Z
HMTSW85VA3S,Josh's Van,0,0,2026-10-10T21:38:19.409Z
HMUBTSKJ905,Yard,1,0,2026-10-10T21:38:19.409Z
HMUBTSKJ905,Luke's Van,0,0,2026-10-10T21:38:19.409Z
HMUBTSKJ905,Josh's Van,0,0,2026-10-10T21:38:19.409Z
HMULWO5IHLU,Yard,0,0,2026-10-10T21:38:19.409Z
HMULWO5IHLU,Luke's Van,0,0,2026-10-10T21:38:19.409Z
HMULWO5IHLU,Josh's Van,0,0,2026-10-10T21:38:19.409Z
HMULZZLTNA7,Yard,0,0,2026-10-10T21:38:19.409Z
HMULZZLTNA7,Luke's Van,0,0,2026-10-10T21:38:19.409Z
HMULZZLTNA7,Josh's Van,0,0,2026-10-10T21:38:19.409Z
HMUMIMFEBJK,Yard,0,0,2026-10-10T21:38:19.409Z
HMUMIMFEBJK,Luke's Van,0,0,2026-10-10T21:38:19.409Z
HMUMIMFEBJK,Josh's Van,0,0,2026-10-10T21:38:19.409Z
HMUMJAUY6DW,Yard,0,0,2026-10-10T21:38:19.409Z
HMUMJAUY6DW,Luke's Van,0,0,2026-10-10T21:38:19.409Z
HMUMJAUY6DW,Josh's Van,0,0,2026-10-10T21:38:19.409Z
HMUP44WCA2B,Yard,0,0,2026-10-10T21:38:19.409Z
HMUP44WCA2B,Luke's Van,0,0,2026-10-10T21:38:19.409Z
HMUP44WCA2B,Josh's Van,0,0,2026-10-10T21:38:19.409Z
HMUP5MKULPR,Yard,0,0,2026-10-10T21:38:19.409Z
HMUP5MKULPR,Luke's Van,0,0,2026-10-10T21:38:19.409Z
HMUP5MKULPR,Josh's Van,0,0,2026-10-10T21:38:19.409Z
HMUP64LOXVR,Yard,0,0,2026-10-10T21:38:19.409Z
HMUP64LOXVR,Luke's Van,0,0,2026-10-10T21:38:19.409Z
HMUP64LOXVR,Josh's Van,0,0,2026-10-10T21:38:19.409Z
HMY11OGOP8L,Yard,0,0,2026-10-10T21:38:19.409Z
HMY11OGOP8L,Luke's Van,0,0,2026-10-10T21:38:19.409Z
HMY11OGOP8L,Josh's Van,0,0,2026-10-10T21:38:19.409Z
HMY11OTA9MN,Yard,0,0,2026-10-10T21:38:19.409Z
HMY11OTA9MN,Luke's Van,0,0,2026-10-10T21:38:19.409Z
HMY11OTA9MN,Josh's Van,0,0,2026-10-10T21:38:19.409Z
HMY11P5R3DQ,Yard,0,0,2026-10-10T21:38:19.409Z
HMY11P5R3DQ,Luke's Van,0,0,2026-10-10T21:38:19.409Z
HMY11P5R3DQ,Josh's Van,0,0,2026-10-10T21:38:19.409Z
HMY11PJ4JHB,Yard,0,0,2026-10-10T21:38:19.409Z
HMY11PJ4JHB,Luke's Van,0,0,2026-10-10T21:38:19.409Z
HMY11PJ4JHB,Josh's Van,0,0,2026-10-10T21:38:19.409Z
HMYJKOTM6N8,Yard,0,0,2026-10-10T21:38:19.409Z
HMYJKOTM6N8,Luke's Van,0,0,2026-10-10T21:38:19.409Z
HMYJKOTM6N8,Josh's Van,0,0,2026-10-10T21:38:19.409Z
HMYJPDUNOXE,Yard,0,0,2026-10-10T21:38:19.409Z
HMYJPDUNOXE,Luke's Van,0,0,2026-10-10T21:38:19.409Z
HMYJPDUNOXE,Josh's Van,0,0,2026-10-10T21:38:19.409Z
HMYJQKEY4OL,Yard,0,0,2026-10-10T21:38:19.409Z
HMYJQKEY4OL,Luke's Van,0,0,2026-10-10T21:38:19.409Z
HMYJQKEY4OL,Josh's Van,0,0,2026-10-10T21:38:19.409Z
HMYJTBEYO9G,Yard,0,0,2026-10-10T21:38:19.409Z
HMYJTBEYO9G,Luke's Van,1,0,2026-10-10T21:38:19.409Z
HMYJTBEYO9G,Josh's Van,0,0,2026-10-10T21:38:19.409Z
HMYJUAXUAEJ,Yard,0,0,2026-10-10T21:38:19.409Z
HMYJUAXUAEJ,Luke's Van,1,0,2026-10-10T21:38:19.409Z
HMYJUAXUAEJ,Josh's Van,0,0,2026-10-10T21:38:19.409Z
HMYJVNJ3FLR,Yard,0,0,2026-10-10T21:38:19.409Z
HMYJVNJ3FLR,Luke's Van,0,0,2026-10-10T21:38:19.409Z
HMYJVNJ3FLR,Josh's Van,0,0,2026-10-10T21:38:19.409Z
